id,created_at,created_at_tz,geo,place,coordinates,text,text_en,truncated,name,screen_name,sentiment,confidence,sentiment_digit,keyword,lon,lat
1460718090036129536,2021-11-16 21:15:06,2021-11-16 22:15:06+01:00,,"{'id': '37439688c6302728', 'url': 'https://api.twitter.com/1.1/geo/id/37439688c6302728.json', 'place_type': 'city', 'name': 'Munich', 'full_name': 'Munich, Germany', 'country_code': 'DE', 'country': 'Germany', 'contained_within': [], 'bounding_box': {'type': 'Polygon', 'coordinates': [[[11.360589, 48.061634], [11.722918, 48.061634], [11.722918, 48.248124], [11.360589, 48.248124]]]}, 'attributes': {}}",,  Ausw√§rts in Dortmund wenn dort auch 2G kommt wird es dann schon schwieriger Oder sie sch ,  Away in Dortmund if there also 2G comes it will then already more difficult Or they sch,True,Quintuple-Sandy,Robben25052013,Negative,0.14026335036458448,-1,difficult,11.541753499999999,48.154878999999994
1461240791683194880,2021-11-18 07:52:07,2021-11-18 08:52:07+01:00,,"{'id': 'ba3fdf239c314d26', 'url': 'https://api.twitter.com/1.1/geo/id/ba3fdf239c314d26.json', 'place_type': 'city', 'name': 'Planegg', 'full_name': 'Planegg, Deutschland', 'country_code': 'DE', 'country': 'Germany', 'contained_within': [], 'bounding_box': {'type': 'Polygon', 'coordinates': [[[11.385065, 48.089355], [11.463634, 48.089355], [11.463634, 48.118412], [11.385065, 48.118412]]]}, 'attributes': {}}",,   QR Code am Bus und zum Event machen mit denn Corona App Wer das nutzt fahrt kostenlos mit,   QR Code on the bus and make the event with the Corona App Who uses this ride for free with,False,üåà Happy Horror Sinclair.,PirateSoul4,Negative,0.5583915390834258,-1,Corona,11.424349500000002,48.1038835
1461285718366511104,2021-11-18 10:50:39,2021-11-18 11:50:39+01:00,,"{'id': 'ba3fdf239c314d26', 'url': 'https://api.twitter.com/1.1/geo/id/ba3fdf239c314d26.json', 'place_type': 'city', 'name': 'Planegg', 'full_name': 'Planegg, Deutschland', 'country_code': 'DE', 'country': 'Germany', 'contained_within': [], 'bounding_box': {'type': 'Polygon', 'coordinates': [[[11.385065, 48.089355], [11.463634, 48.089355], [11.463634, 48.118412], [11.385065, 48.118412]]]}, 'attributes': {}}",,7  Ich warte nur auf den Bus,7 I'm just waiting for the bus,False,üåà Happy Horror Sinclair.,PirateSoul4,Positive,0.3010055543883702,1,waiting,11.424349500000002,48.1038835
1462419271494025216,2021-11-21 13:54:59,2021-11-21 14:54:59+01:00,,"{'id': '5867d1b3eeb9a4e8', 'url': 'https://api.twitter.com/1.1/geo/id/5867d1b3eeb9a4e8.json', 'place_type': 'neighborhood', 'name': 'Pasing-Obermenzing', 'full_name': 'Pasing-Obermenzing, M√ºnchen', 'country_code': 'DE', 'country': 'Germany', 'contained_within': [], 'bounding_box': {'type': 'Polygon', 'coordinates': [[[11.431733, 48.128517], [11.492077, 48.128517], [11.492077, 48.176466], [11.431733, 48.176466]]]}, 'attributes': {}}",,und wo Du schon dabei bist Sinnlos im M√ºnchner Westen rumzufahren  dann darfst Du auch noch vor K√§lte bibbernd ,and since you are already senselessly driving around in the west of Munich then you may also still be shivering from the cold.,True,Regina Koller,KollerRegina,Negative,0.8115627740341963,-1,senselessly,11.461905,48.152491500000004
1462502070301466624,2021-11-21 19:24:00,2021-11-21 20:24:00+01:00,,"{'id': '37439688c6302728', 'url': 'https://api.twitter.com/1.1/geo/id/37439688c6302728.json', 'place_type': 'city', 'name': 'Munich', 'full_name': 'Munich, Germany', 'country_code': 'DE', 'country': 'Germany', 'contained_within': [], 'bounding_box': {'type': 'Polygon', 'coordinates': [[[11.360589, 48.061634], [11.722918, 48.061634], [11.722918, 48.248124], [11.360589, 48.248124]]]}, 'attributes': {}}",,3 dreiviertel Stunden in der K√§lte am Vereinsgel√§nde des SV M√ºnchenLaim eV auf die versprochene spontanohne Ter ,3 three-quarters of an hour in the cold at the club grounds of SV M√ºnchenLaim eV waiting for the promised spontaneous without Ter,True,Regina Koller,KollerRegina,Negative,0.31006726435549714,-1,three-quarters,11.541753499999999,48.154878999999994
1463063665817657088,2021-11-23 08:35:34,2021-11-23 09:35:34+01:00,,"{'id': '37439688c6302728', 'url': 'https://api.twitter.com/1.1/geo/id/37439688c6302728.json', 'place_type': 'city', 'name': 'Munich', 'full_name': 'Munich, Germany', 'country_code': 'DE', 'country': 'Germany', 'contained_within': [], 'bounding_box': {'type': 'Polygon', 'coordinates': [[[11.360589, 48.061634], [11.722918, 48.061634], [11.722918, 48.248124], [11.360589, 48.248124]]]}, 'attributes': {}}",,Voraussichtlich ab morgen gilt die 3GRegelung in U amp SBahn Bus und Tram Damit d√ºrfen nur geimpfte genesene od ,Probably from tomorrow the 3G-regulation is valid in U amp SBahn bus and tram With it only vaccinated recovered od,True,Dorin Popa,NiceBastard,Negative,0.7979190996690928,-1,3G-regulation,11.541753499999999,48.154878999999994
1463074510207434752,2021-11-23 09:18:40,2021-11-23 10:18:40+01:00,,"{'id': '37439688c6302728', 'url': 'https://api.twitter.com/1.1/geo/id/37439688c6302728.json', 'place_type': 'city', 'name': 'Munich', 'full_name': 'Munich, Germany', 'country_code': 'DE', 'country': 'Germany', 'contained_within': [], 'bounding_box': {'type': 'Polygon', 'coordinates': [[[11.360589, 48.061634], [11.722918, 48.061634], [11.722918, 48.248124], [11.360589, 48.248124]]]}, 'attributes': {}}",,13  Was mich hier in Deutschland am meisten nervt ist dieses grunds√§tzliche abwehrende Nein s ,13 What annoys me most here in Germany is this basic defensive no s,True,Dorin Popa,NiceBastard,Negative,0.5059398853723778,-1,defensive,11.541753499999999,48.154878999999994
1463428118186708992,2021-11-24 08:43:47,2021-11-24 09:43:47+01:00,,"{'id': '37439688c6302728', 'url': 'https://api.twitter.com/1.1/geo/id/37439688c6302728.json', 'place_type': 'city', 'name': 'Munich', 'full_name': 'Munich, Germany', 'country_code': 'DE', 'country': 'Germany', 'contained_within': [], 'bounding_box': {'type': 'Polygon', 'coordinates': [[[11.360589, 48.061634], [11.722918, 48.061634], [11.722918, 48.248124], [11.360589, 48.248124]]]}, 'attributes': {}}",,Studierende denen der Gelenkbus mit 49 Fahrg√§sten in der Pandemie zu voll ist und die lieber den Bus zehn Minuten sp√§ter nehmen,students for whom the articulated bus with 49 passengers is too full in the pandemic and who prefer to take the bus ten minutes later,False,Dorin Popa,NiceBastard,Negative,0.29589331438084476,-1,articulated,11.541753499999999,48.154878999999994
1463446937018019841,2021-11-24 09:58:33,2021-11-24 10:58:33+01:00,,"{'id': 'ba3fdf239c314d26', 'url': 'https://api.twitter.com/1.1/geo/id/ba3fdf239c314d26.json', 'place_type': 'city', 'name': 'Planegg', 'full_name': 'Planegg, Deutschland', 'country_code': 'DE', 'country': 'Germany', 'contained_within': [], 'bounding_box': {'type': 'Polygon', 'coordinates': [[[11.385065, 48.089355], [11.463634, 48.089355], [11.463634, 48.118412], [11.385065, 48.118412]]]}, 'attributes': {}}",, Hier drau√üen auf Landkreis Muc haben die einfach jeder Bus zum Schul Bus Deklariert," Out here in the Muc district, they have simply declared every bus a school bus.",False,üåà Happy Horror Clown.,PirateSoul4,Positive,0.7521636006658375,1,"district,",11.424349500000002,48.1038835
1463452222306623488,2021-11-24 10:19:34,2021-11-24 11:19:34+01:00,,"{'id': 'ba3fdf239c314d26', 'url': 'https://api.twitter.com/1.1/geo/id/ba3fdf239c314d26.json', 'place_type': 'city', 'name': 'Planegg', 'full_name': 'Planegg, Deutschland', 'country_code': 'DE', 'country': 'Germany', 'contained_within': [], 'bounding_box': {'type': 'Polygon', 'coordinates': [[[11.385065, 48.089355], [11.463634, 48.089355], [11.463634, 48.118412], [11.385065, 48.118412]]]}, 'attributes': {}}",, Klasse auf denn Land ist jetzt jeder verdammten Bus eine Schul Bus, Class in the country is now every damn bus a school bus,False,üåà Happy Horror Clown.,PirateSoul4,Positive,0.059406661746942646,1,country,11.424349500000002,48.1038835
1463452570404495360,2021-11-24 10:20:57,2021-11-24 11:20:57+01:00,,"{'id': 'ba3fdf239c314d26', 'url': 'https://api.twitter.com/1.1/geo/id/ba3fdf239c314d26.json', 'place_type': 'city', 'name': 'Planegg', 'full_name': 'Planegg, Deutschland', 'country_code': 'DE', 'country': 'Germany', 'contained_within': [], 'bounding_box': {'type': 'Polygon', 'coordinates': [[[11.385065, 48.089355], [11.463634, 48.089355], [11.463634, 48.118412], [11.385065, 48.118412]]]}, 'attributes': {}}",,Busfahrer kette kind ayf Vorder sitz fest und sagt das ist eine Schul Bus,Bus driver chain kid ayf front seat tight and says this is a school bus,False,üåà Happy Horror Clown.,PirateSoul4,Neutral,0.14524927509847863,0,driver,11.424349500000002,48.1038835
1463855349820186631,2021-11-25 13:01:27,2021-11-25 14:01:27+01:00,,"{'id': '37439688c6302728', 'url': 'https://api.twitter.com/1.1/geo/id/37439688c6302728.json', 'place_type': 'city', 'name': 'Munich', 'full_name': 'Munich, Germany', 'country_code': 'DE', 'country': 'Germany', 'contained_within': [], 'bounding_box': {'type': 'Polygon', 'coordinates': [[[11.360589, 48.061634], [11.722918, 48.061634], [11.722918, 48.248124], [11.360589, 48.248124]]]}, 'attributes': {}}",,"mvv M√ºnchen 

Du kommst p√ºnktlich zur Bushaltestelle doch der Bus f√§hrt 15 Minuten fr√ºher los und wir stehen je ","mvv Munich

You get to the bus stop on time but the bus leaves 15 minutes early and we are standing in the same place.",True,Ernst Dietrich,gowcms,Positive,0.8980750453164641,1,standing,11.541753499999999,48.154878999999994
1464114125643132933,2021-11-26 06:09:44,2021-11-26 07:09:44+01:00,,"{'id': '37439688c6302728', 'url': 'https://api.twitter.com/1.1/geo/id/37439688c6302728.json', 'place_type': 'city', 'name': 'Munich', 'full_name': 'Munich, Germany', 'country_code': 'DE', 'country': 'Germany', 'contained_within': [], 'bounding_box': {'type': 'Polygon', 'coordinates': [[[11.360589, 48.061634], [11.722918, 48.061634], [11.722918, 48.248124], [11.360589, 48.248124]]]}, 'attributes': {}}",,"Gerade im Bus auf dem Weg zum Unterricht wieder Fahrradfahrerinnen OHNE Licht unterwegs gesehen

Bitte g√∂nnt Euch
","Just on the bus on the way to class again bicyclists seen WITHOUT lights on the road

Please treat yourself
",False,RUDOLF INDERST (he|him),BenFlavor,Negative,0.03817451582227094,-1,bicyclists,11.541753499999999,48.154878999999994
1464533062084182018,2021-11-27 09:54:26,2021-11-27 10:54:26+01:00,,"{'id': '37439688c6302728', 'url': 'https://api.twitter.com/1.1/geo/id/37439688c6302728.json', 'place_type': 'city', 'name': 'Munich', 'full_name': 'Munich, Germany', 'country_code': 'DE', 'country': 'Germany', 'contained_within': [], 'bounding_box': {'type': 'Polygon', 'coordinates': [[[11.360589, 48.061634], [11.722918, 48.061634], [11.722918, 48.248124], [11.360589, 48.248124]]]}, 'attributes': {}}",,Der Christbaumst√§nder ist doch sicher beim Baum dabei oder Aus dem Bus zum Baumarkt gesendet,The Christmas tree stand is surely with the tree or sent from the bus to the hardware store.,False,StormXPadme,XStormyPadme,Negative,0.7214984348329988,-1,Christmas,11.541753499999999,48.154878999999994
1464662582715953166,2021-11-27 18:29:06,2021-11-27 19:29:06+01:00,,"{'id': '37439688c6302728', 'url': 'https://api.twitter.com/1.1/geo/id/37439688c6302728.json', 'place_type': 'city', 'name': 'Munich', 'full_name': 'Munich, Germany', 'country_code': 'DE', 'country': 'Germany', 'contained_within': [], 'bounding_box': {'type': 'Polygon', 'coordinates': [[[11.360589, 48.061634], [11.722918, 48.061634], [11.722918, 48.248124], [11.360589, 48.248124]]]}, 'attributes': {}}",, Das ist garantiert die Rache vom Karma nachdem ich gestern Punkte gesammelt habe weil ich einer Dame , I'm sure it's karma's revenge after I scored points yesterday for helping a lady...,True,"mal faul, mal Tier. Immer üåàüè≥Ô∏è‚Äçüåàüíâüíâüíâ",malfaulmaltier,Positive,0.3617395913993774,1,yesterday,11.541753499999999,48.154878999999994
1465218644544299012,2021-11-29 07:18:41,2021-11-29 08:18:41+01:00,,"{'id': '37439688c6302728', 'url': 'https://api.twitter.com/1.1/geo/id/37439688c6302728.json', 'place_type': 'city', 'name': 'Munich', 'full_name': 'Munich, Germany', 'country_code': 'DE', 'country': 'Germany', 'contained_within': [], 'bounding_box': {'type': 'Polygon', 'coordinates': [[[11.360589, 48.061634], [11.722918, 48.061634], [11.722918, 48.248124], [11.360589, 48.248124]]]}, 'attributes': {}}",,Kindergartengruppe am Bus Erzieherin Wer 6 ist setzt jetzt eine Maske auf Wer noch keine 6 ist aber eine Maske ,Kindergarten group at the bus teacher Who is 6 now puts on a mask Who is not yet 6 but a mask,True,Dorin Popa,NiceBastard,Positive,0.7251037383910165,1,Kindergarten,11.541753499999999,48.154878999999994
1465612235066253321,2021-11-30 09:22:41,2021-11-30 10:22:41+01:00,,"{'id': '37439688c6302728', 'url': 'https://api.twitter.com/1.1/geo/id/37439688c6302728.json', 'place_type': 'city', 'name': 'Munich', 'full_name': 'Munich, Germany', 'country_code': 'DE', 'country': 'Germany', 'contained_within': [], 'bounding_box': {'type': 'Polygon', 'coordinates': [[[11.360589, 48.061634], [11.722918, 48.061634], [11.722918, 48.248124], [11.360589, 48.248124]]]}, 'attributes': {}}",,   24 Im Auto wenn man mit einer infekt√∂sen Person zusammensitzt ist das Risiko ,"   24 In the car, when sitting with an infectious person, the risk of infection is higher.",True,Vamos Tharne,Bommel1976,Negative,0.21143976566631173,-1,infectious,11.541753499999999,48.154878999999994
1465771247162302467,2021-11-30 19:54:32,2021-11-30 20:54:32+01:00,,"{'id': '37439688c6302728', 'url': 'https://api.twitter.com/1.1/geo/id/37439688c6302728.json', 'place_type': 'city', 'name': 'Munich', 'full_name': 'Munich, Germany', 'country_code': 'DE', 'country': 'Germany', 'contained_within': [], 'bounding_box': {'type': 'Polygon', 'coordinates': [[[11.360589, 48.061634], [11.722918, 48.061634], [11.722918, 48.248124], [11.360589, 48.248124]]]}, 'attributes': {}}",,Aber selbst oder gerade bei diesem Wetter hat es auch Vorteile an der Haltestelle und nicht im Bus zu erheben ,But even or especially in this weather it has advantages to stand at the bus stop and not in the bus.,False,Dorin Popa,NiceBastard,Negative,0.5466139502107401,-1,especially,11.541753499999999,48.154878999999994
