id,created_at,created_at_tz,geo,place,coordinates,text,text_en,truncated,name,screen_name
1460458947740057600,2021-11-16 04:05:21,2021-11-16 05:05:21+01:00,,,,ESWEEBusFlotte Auf √ºber 1 Mio Fahrtkilometern √ºber 1 Mio kg CO2 eingespart ,"ESWEEBusFleet Over 1 million kilometres travelled, over 1 million kg of CO2 saved",False,busplaner,omnibusmagazin
1460470129050124288,2021-11-16 04:49:47,2021-11-16 05:49:47+01:00,,,, Lasst die Leute doch in Ruhe und selbst entscheiden wie wir das bei jeder anderen Impfung auch tun un , Let the people alone and decide for themselves like we do with every other vaccination.,True,Deutschland im liberalen Chaos,BRDimChaos
1460481161637949440,2021-11-16 05:33:38,2021-11-16 06:33:38+01:00,,,," Woher kommen pl√∂tzlich all diese Hallo ich bin und hatte Corona Propaganda Postings

Lasst die Leu "," Where are all these hello I am and had Corona propaganda postings suddenly coming from

Let the leu",True,Deutschland im liberalen Chaos,BRDimChaos
1460481230361665536,2021-11-16 05:33:54,2021-11-16 06:33:54+01:00,,,," Woher kommen pl√∂tzlich all diese Hallo ich bin und hatte Corona Propaganda Postings

Lasst die Leute "," Where are all these hello I am and had Corona propaganda postings suddenly coming from

Let the people",True,Deutschland im liberalen Chaos,BRDimChaos
1460481386469486336,2021-11-16 05:34:31,2021-11-16 06:34:31+01:00,,,," Woher kommen pl√∂tzlich all diese Hallo ich bin und hatte Corona Propaganda Postings

Lasst die Leu "," Where are all these hello I am and had Corona propaganda postings suddenly coming from

Let the leu",True,Deutschland im liberalen Chaos,BRDimChaos
1460485553762311936,2021-11-16 05:51:05,2021-11-16 06:51:05+01:00,,,,Kelly Family geht mit legend√§rem Bus auf Tour  und hat eine √úberraschung parat ,Kelly Family goes on tour with legendary bus and has a surprise up its sleeve,False,WEB.DE News,WEBDENews
1460485554601082880,2021-11-16 05:51:05,2021-11-16 06:51:05+01:00,,,,Kelly Family geht mit legend√§rem Bus auf Tour  und hat eine √úberraschung parat ,Kelly Family goes on tour with legendary bus and has a surprise up its sleeve,False,WEB.DE News - Stars,WEBDENews_Stars
1460508866848907264,2021-11-16 07:23:43,2021-11-16 08:23:43+01:00,,,,2nd_Bass    Da√ü hier in amp um M√ºnchen die Bus  TrambahnfahrerInn ,2nd_Bass That here in amp around Munich the bus tram driversInn,True,Regina Koller,KollerRegina
1460511244788588288,2021-11-16 07:33:10,2021-11-16 08:33:10+01:00,,,,"Probleme mit Alkohol Im Meeting Arcis Anonyme Alkoholiker sprechen wir dar√ºber jeden Samstag um 1900 Uhr 

M√ºn ","Problems with alcohol At the Arcis Alcoholics Anonymous meeting we talk about this every Saturday at 1900 hrs.

M√ºn",True,@bill&bob,arcismeeting
1460513105780355072,2021-11-16 07:40:34,2021-11-16 08:40:34+01:00,,,,S√∂der um 9 Uhr bei BILD Live  Lockdown f√ºr Ungeimpfte  Muenchen Nachrichten,S√∂der at 9 o'clock at BILD Live Lockdown for unvaccinated Muenchen News,False,BILD M√ºnchen,BILD_Muenchen
1460525712608223232,2021-11-16 08:30:39,2021-11-16 09:30:39+01:00,,,," Hier kommt das Neueste aus unserer Redaktion 
The Kelly Family geht mit ber√ºhmtem Bus wieder auf Tour
"," Here comes the latest from our editorial office
The Kelly Family goes on tour again with famous bus
",False,spot on news,spotonnews
1460526265757229056,2021-11-16 08:32:51,2021-11-16 09:32:51+01:00,,,,3G im Zug Wer soll das kontrollieren  Scheuer f√§hrt S√∂der in die Parade ,3G in the train Who should control it Scheuer drives S√∂der into the parade,False,Merkur.de,merkur_de
1460527751836884736,2021-11-16 08:38:45,2021-11-16 09:38:45+01:00,,,,3G im Zug Wer soll das kontrollieren  Scheuer f√§hrt S√∂der in die Parade ,3G in the train Who should control it Scheuer drives S√∂der into the parade,False,Rolf Ullrich,rolfullrich45
1460530267223899904,2021-11-16 08:48:45,2021-11-16 09:48:45+01:00,,,,Einmal unabh√§ngig von 3GRegel in Bus u Bahn Wichtig w√§re dass das Vertrauen der Menschen in den √ñffentlichen Ve ,Once independent of 3G rule in bus and train Important would be that the confidence of the people in the public Ve,True,ADAC,ADAC
1460543162686992384,2021-11-16 09:40:00,2021-11-16 10:40:00+01:00,,,, AGK ServiceMobile im Einsatz  ServiceAufenthalte in der Werkstatt kosten viel Zeit Um unseren Kunden lange A ," AGK ServiceMobiles in use Service stops in the workshop cost a lot of time In order to provide our customers with long service times, AGK ServiceMobiles are used.",True,AGK Truck & Bus GmbH,AGK_Bayern
1460558262135181312,2021-11-16 10:40:00,2021-11-16 11:40:00+01:00,,,," Ihre Buswerkstatt in Feldkirchen bei M√ºnchen und F√ºrth
 Wartung 
 Reparatur 
 VorOrtService  Ku "," Your bus workshop in Feldkirchen near Munich and F√ºrth
 Maintenance
 Repair
 On-site service Ku",True,AGK Truck & Bus GmbH,AGK_Bayern
1460565937887793152,2021-11-16 11:10:30,2021-11-16 12:10:30+01:00,,,,RenaultHyvia Auch Master CityBus und Fahrgestell mit Fuel Cell ,RenaultHyvia Also Master CityBus and chassis with Fuel Cell,False,VISION mobility,VISIONmobility1
1460588288843124736,2021-11-16 12:39:19,2021-11-16 13:39:19+01:00,,,,So 15 min auf den Bus warten ,So 15 min wait for the bus,False,Mammut69üíâüíâ,Mammut691
1460610984561811712,2021-11-16 14:09:30,2021-11-16 15:09:30+01:00,,,,Menschen die beim Bus vorne beim Fahrer einsteigen und ihre Fahrkarte vorzeigen Wei√ü man da schon genaueres m√ºnchen,People who get on the bus in front of the driver and show their ticket Do you know more about it munich,False,"mal faul, mal Tier. Immer üåàüè≥Ô∏è‚Äçüåàüíâüíâ",malfaulmaltier
1460700147055316736,2021-11-16 20:03:48,2021-11-16 21:03:48+01:00,,,,  Ui ich war bisher auf Bus aber Hurtigruten ist nat√ºrlich eine ganz tolle Idee,  Ui I was so far on bus but Hurtigruten is of course a great idea,False,berghungrig üá™üá∫,berghungrig
1460701429979566080,2021-11-16 20:08:54,2021-11-16 21:08:54+01:00,,,,Verkehrsministerin KerstinSchreyer in der 24 Rundschau zu 3G in Bus und Bahn Der Schutz der Fahrg√§ste im ,Transport Minister KerstinSchreyer in the 24 Rundschau on 3G in buses and trains The protection of passengers in the,True,"Staatsministerium f√ºr Wohnen, Bau und Verkehr",BauenBewegen
1460702751046917888,2021-11-16 20:14:09,2021-11-16 21:14:09+01:00,,,, Ist immer noch so Ab Bod√∏ dann Bus , Is still so From Bod√∏ then bus,False,berghungrig üá™üá∫,berghungrig
1460703714616950784,2021-11-16 20:17:58,2021-11-16 21:17:58+01:00,,,,   Tja Ich w√ºrde mal sagen Bus verpasst,"   Well, I'd say we missed the bus.",False,Thomas B√∂ttiger üè≥Ô∏è‚Äçüåà,macinthemiddle
1460718090036129536,2021-11-16 21:15:06,2021-11-16 22:15:06+01:00,,"{'id': '37439688c6302728', 'url': 'https://api.twitter.com/1.1/geo/id/37439688c6302728.json', 'place_type': 'city', 'name': 'Munich', 'full_name': 'Munich, Germany', 'country_code': 'DE', 'country': 'Germany', 'contained_within': [], 'bounding_box': {'type': 'Polygon', 'coordinates': [[[11.360589, 48.061634], [11.722918, 48.061634], [11.722918, 48.248124], [11.360589, 48.248124]]]}, 'attributes': {}}",,  Ausw√§rts in Dortmund wenn dort auch 2G kommt wird es dann schon schwieriger Oder sie sch ,  Away in Dortmund if there also 2G comes it will then already more difficult Or they sch,True,Quintuple-Sandy,Robben25052013
1460720254015921920,2021-11-16 21:23:42,2021-11-16 22:23:42+01:00,,,,Verkehrsexperte zu CoronaRegeln Bus und Bahn sind ohne 3G nicht mehr nutzbar  ,Transport expert on CoronaRules Bus and train are no longer usable without 3G,False,Marko Schlichting,schlichtmedien
1460849370950156288,2021-11-17 05:56:45,2021-11-17 06:56:45+01:00,,,,Youtube warum diese Porsche356Konversion auf Elektro anders ist Warum Motortrend den LucidAir zum Auto des ,Youtube Why this Porsche356conversion to electric is different Why Motortrend named the LucidAir Car of the,True,e-engine magazin,eenginemagazin
1460890620512411648,2021-11-17 08:40:40,2021-11-17 09:40:40+01:00,,,,"3G in Bus und Bahn Ampel plant weitere Versch√§rfungen f√ºr Ungeimpfte

Die B√ºrgerrechte werden dadurch weiterhin ","3G on bus and train traffic lights plan further tightening for the unvaccinated

Civil liberties will continue to be",True,AfD Bayern im Landtag,AfD_Bayern_LT
1460896776387452928,2021-11-17 09:05:08,2021-11-17 10:05:08+01:00,,,,RenaultHyvia Auch Master CityBus und Fahrgestell mit Fuel Cell ,RenaultHyvia Also Master CityBus and chassis with Fuel Cell,False,busplaner,omnibusmagazin
1460919195462422528,2021-11-17 10:34:13,2021-11-17 11:34:13+01:00,,,,  Und Logik sagt im Auto sitze ich allein od mit 14 Personen aus gleichem Haushalt od befre ,  And logic says in the car I sit alone or with 14 people from the same household or friends.,True,Johannes Reichart,JuanReichart
1460920650218967040,2021-11-17 10:40:00,2021-11-17 11:40:00+01:00,,,,Als autorisierte Solaris Bus Werkstatt f√ºhren wir alle Wartungsarbeiten und Kundendienste f√ºr Deine Solaris Busse d ,"As an authorised Solaris bus workshop, we carry out all maintenance work and customer services for your Solaris buses d",True,AGK Truck & Bus GmbH,AGK_Bayern
1460921435552198912,2021-11-17 10:43:07,2021-11-17 11:43:07+01:00,,,, 2000     Doch klar EBusse schon Ab , 2000 But of course EBusse already Ab,True,RGB Pixl,RGBPixl
1460950806203613184,2021-11-17 12:39:50,2021-11-17 13:39:50+01:00,,,,im bus redet hier jemand so laut t√ºrkisch bro erz√§hl gleich dein lebenslauf,on the bus someone is talking so loud in turkish bro tell your resume right now,False,dilan,lmaodilann
1460960964610772736,2021-11-17 13:20:11,2021-11-17 14:20:11+01:00,,,, 13   W√§r f√ºr irgendwann anstehenden Neubau sicherlich trotzdem sinnvol , 13 Would certainly still make sense for a new building at some point in the future.,True,Andi Barth @dahoam,Andi_Barth
1460971366937772032,2021-11-17 14:01:32,2021-11-17 15:01:32+01:00,,,,Bewerbungsgespr√§ch Bewerberin gibt an nicht geimpft und nicht getestet zu sein braucht sie nicht weil sie ja mi ,job interview applicant states not to be vaccinated and not tested she does not need to be because she is with,True,Klaus,FKAMUC
1460990484135006208,2021-11-17 15:17:29,2021-11-17 16:17:29+01:00,,,,Ist euch das auch schon passiert ihr steigt irgendwo aus ZugSBahn aus wo ihr euch nicht auskennt und verpasst ,Has this ever happened to you? You get off the train somewhere where you don't know your way around and miss it?,True,Edmund Lauterbach,elba013
1460995609394089984,2021-11-17 15:37:51,2021-11-17 16:37:51+01:00,,,, 13 Und zwischen 2 Haltestellen muss man 4 Ampelfurten √ºberqueren die in der f√ºr Fu√üg√§nger un , 13 And between 2 stops you have to cross 4 traffic light lanes which are in the pedestrians un,True,Velo-Ciraptor,VeloCiraptorMuc
1461042346775269120,2021-11-17 18:43:34,2021-11-17 19:43:34+01:00,,,,Wir werden weiter im Bus vom Helge bedroht,We are further threatened in the bus by the Helge,False,Jenny,jennyAntifa
1461081762810023936,2021-11-17 21:20:12,2021-11-17 22:20:12+01:00,,,, 23 Oh je du Arme Da kam gestern was bzgl der Virenlast und wo die Ansteckungsgefahr am g , 23 Oh dear you poor There was something yesterday regarding the viral load and where the risk of infection at the g,True,·ó©·ëéGI·ïÆ ¬Æ,sweettweetangie
1461129386267185152,2021-11-18 00:29:26,2021-11-18 01:29:26+01:00,,,,Eingeschr√§nkte Fahrzeugverf√ºgbarkeit Dieser Zug f√§llt leider aus Ersatzverkehr mit Bus eingerichtet bahn ,Limited vehicle availability This train is unfortunately cancelled Substitute transport with bus set up bahn,False,DB Regio Bayern,streckenagentOB
1461220908396392448,2021-11-18 06:33:07,2021-11-18 07:33:07+01:00,,,,"Probleme mit Alkohol Im Meeting Arcis Anonyme Alkoholiker sprechen wir dar√ºber jeden Samstag um 1900 Uhr 

M√ºn ","Problems with alcohol At the Arcis Alcoholics Anonymous meeting we talk about this every Saturday at 1900 hrs.

M√ºn",True,@bill&bob,arcismeeting
1461240791683194880,2021-11-18 07:52:07,2021-11-18 08:52:07+01:00,,"{'id': 'ba3fdf239c314d26', 'url': 'https://api.twitter.com/1.1/geo/id/ba3fdf239c314d26.json', 'place_type': 'city', 'name': 'Planegg', 'full_name': 'Planegg, Deutschland', 'country_code': 'DE', 'country': 'Germany', 'contained_within': [], 'bounding_box': {'type': 'Polygon', 'coordinates': [[[11.385065, 48.089355], [11.463634, 48.089355], [11.463634, 48.118412], [11.385065, 48.118412]]]}, 'attributes': {}}",,   QR Code am Bus und zum Event machen mit denn Corona App Wer das nutzt fahrt kostenlos mit,   QR Code on the bus and make the event with the Corona App Who uses this ride for free with,False,üåà Happy Horror Sinclair.,PirateSoul4
1461267938346950912,2021-11-18 09:40:00,2021-11-18 10:40:00+01:00,,,,Ihr Spezialist f√ºr Busreparaturen in Bayern Mit Standorten in Feldkirchen bei M√ºnchen und F√ºrth ,Your specialist for bus repairs in Bavaria With locations in Feldkirchen near Munich and F√ºrth,True,AGK Truck & Bus GmbH,AGK_Bayern
1461281806712553472,2021-11-18 10:35:06,2021-11-18 11:35:06+01:00,,,,"Probleme mit Alkohol Im Meeting Arcis Anonyme Alkoholiker sprechen wir dar√ºber jeden Samstag um 1900 Uhr 

M√ºn ","Problems with alcohol At the Arcis Alcoholics Anonymous meeting we talk about this every Saturday at 1900 hrs.

M√ºn",True,@bill&bob,arcismeeting
1461285718366511104,2021-11-18 10:50:39,2021-11-18 11:50:39+01:00,,"{'id': 'ba3fdf239c314d26', 'url': 'https://api.twitter.com/1.1/geo/id/ba3fdf239c314d26.json', 'place_type': 'city', 'name': 'Planegg', 'full_name': 'Planegg, Deutschland', 'country_code': 'DE', 'country': 'Germany', 'contained_within': [], 'bounding_box': {'type': 'Polygon', 'coordinates': [[[11.385065, 48.089355], [11.463634, 48.089355], [11.463634, 48.118412], [11.385065, 48.118412]]]}, 'attributes': {}}",,7  Ich warte nur auf den Bus,7 I'm just waiting for the bus,False,üåà Happy Horror Sinclair.,PirateSoul4
1461347055750696704,2021-11-18 14:54:23,2021-11-18 15:54:23+01:00,,,, K1 hat im Bus nen Nazi getroffen ihn freundlich aber bestimmt des Platzes verwiesen und daf√ºr von K2 Applaus erhalten, K1 has met a Nazi in the bus and has sent him away in a friendly but determined way and has received applause from K2 for it,False,Anton Steindl,Anton_1860
1461348384569102336,2021-11-18 14:59:40,2021-11-18 15:59:40+01:00,,,,"  Erst waren es Chips jetzt ne Bombe
Als n√§chstes ein Jetpack und n Bus","  First it was chips now it's a bomb
Next a jetpack and a bus",False,M≈±√±√ßh≈Ñ√™≈ôB≈Ø√°,Fm_Maxi_92
1461364625820160000,2021-11-18 16:04:12,2021-11-18 17:04:12+01:00,,,,AmpelKoalition versch√§rft CoronaMa√ünahmen SPD Gr√ºne und FDP beschlie√üen 3 G am Arbeitsplatz sowie in Bus und ,Ampel coalition tightens Corona measures SPD Greens and FDP decide 3 G at the workplace as well as in bus and,True,SZ Politik,SZ_Politik
1461395134604619520,2021-11-18 18:05:26,2021-11-18 19:05:26+01:00,,,,Der Bundestag hat es beschlossen die unionsgef√ºhrten L√§nder im Bundesrat str√§uben sich K√§me das neue Infektions ,"The Bundestag has passed the bill, but the CDU/CSU-led states in the Bundesrat (upper house of parliament) are resisting it.",True,BR24,BR24
1461397019994459904,2021-11-18 18:12:55,2021-11-18 19:12:55+01:00,,,,Heute zu Gast beim HUSSVERLAG GmbH zur Verleihung des Europ√§ischen Transportpreis f√ºr nachhaltigkeit  in der M√ºnc ,Today we were guests at the HUSSVERLAG GmbH for the award ceremony of the European Transport Award for Sustainability in Munich.,True,Anita W√ºrmser,Logistik_Blog
1461437258708443136,2021-11-18 20:52:49,2021-11-18 21:52:49+01:00,,,,Corona im √∂ffentlichen Verkehr Das √§ndert sich bei Bus und Bahn ,Corona in public transport What's changing on buses and trains?,False,Merkur.de,merkur_de
1461469826078154752,2021-11-18 23:02:13,2021-11-19 00:02:13+01:00,,,,17  Ich bef√ºrchte eher dass mit den jetzigen Coronazahlen der Zusatzbelastung durch 3G in BusampBahn ,17 I rather fear that with the current corona figures of the additional load of 3G in BusampBahn,True,Edmund Lauterbach,elba013
1461487052869050368,2021-11-19 00:10:41,2021-11-19 01:10:41+01:00,,,, 2G und 3G gibts in Bayern schon und hat bisher nichts gebracht 3G am Arbeitsplatz wie und wer kontr , 2G and 3G already exist in Bavaria and have so far brought nothing 3G at the workplace how and who kontr,True,nonpreoccuparti,Laf3001
1461581087612846080,2021-11-19 06:24:20,2021-11-19 07:24:20+01:00,,,,"Probleme mit Alkohol Im Meeting Arcis Anonyme Alkoholiker sprechen wir dar√ºber jeden Samstag um 1900 Uhr 

M√ºn ","Problems with alcohol At the Arcis Alcoholics Anonymous meeting we talk about this every Saturday at 1900 hrs.

M√ºn",True,@bill&bob,arcismeeting
1461589506096779264,2021-11-19 06:57:47,2021-11-19 07:57:47+01:00,,,,"Da ist es wieder Das HenneEiPrinzip
WIE KOMME ICH IN DEN BUS ","There it is again The HenEgg Principle
HOW DO I GET ON THE BUS",False,Oliverüü¢,OWitzig
1461590324791451648,2021-11-19 07:01:03,2021-11-19 08:01:03+01:00,,,, Olaf Scholz  der Mann f√ºr 3G im Bus und Bahn , Olaf Scholz the man for 3G on buses and trains,False,Kai ThrunüïµÔ∏è‚Äç‚ôÄÔ∏è,KaiThrun
1461630326287990784,2021-11-19 09:40:00,2021-11-19 10:40:00+01:00,,,,Wir sind Ihr Kompetenzpartner in allen Fragen zu BusReparatur Lackierung und Umbau Werkstattservice und Kleinb ,"We are your competent partner for all questions regarding bus repairs, paintwork and conversions, workshop service and small buses.",True,AGK Truck & Bus GmbH,AGK_Bayern
1461645425870573568,2021-11-19 10:40:00,2021-11-19 11:40:00+01:00,,,,Zu unseren gr√∂√üten Kunden z√§hlen die Stadtwerke M√ºnchen sowie gro√üe namenhafte M√ºnchener Busunternehmen wie Watzin ,"Among our biggest customers are the Munich public utility company as well as large, well-known Munich bus companies such as Watzin",True,AGK Truck & Bus GmbH,AGK_Bayern
1461657204399001600,2021-11-19 11:26:48,2021-11-19 12:26:48+01:00,,,,Mit dem Bus nach Bordeaux Klassenfahrten zu CoronaZeiten ,By bus to Bordeaux Class trips to CoronaTimes,False,Merkur.de,merkur_de
1461661940862889984,2021-11-19 11:45:37,2021-11-19 12:45:37+01:00,,,, Ne aber meine AK 47 Lass ich manchmal im Bus liegen, Ne but my AK 47 I sometimes leave on the bus,False,Timo J√ºrgens üè≥Ô∏è‚Äçüåàüåà,Timo_Juergens
1461675504902287104,2021-11-19 12:39:31,2021-11-19 13:39:31+01:00,,,," Nicht nur du 
Au√üer im Zug Da ist ja klar dass die kommt

Aber in Bus Tram SBahn"," Not just you
Except on the train, of course she's coming.

But on bus, tram, subway",False,Systemfehler,Systemfehler20
1461704316318851072,2021-11-19 14:34:00,2021-11-19 15:34:00+01:00,,,,FC Bayern mit dem Bus nach Augsburg aufgebrochen  ,FC Bayern set off by bus for Augsburg,False,FC Bayern News,fcbayern_news
1461718327999574016,2021-11-19 15:29:41,2021-11-19 16:29:41+01:00,,,,Corona macht UBahn Bus und Tram p√ºnktlicher  das sind die Gr√ºnde ,Corona makes UBahn bus and tram more punctual these are the reasons,False,Merkur.de,merkur_de
1461738760899604480,2021-11-19 16:50:53,2021-11-19 17:50:53+01:00,,,,SWB Bus und Bahn   sucht eineneine Bau√ºberwacher Bahnbau mwd  in Bonn Bonn jobs ,SWB Bus und Bahn is looking for a construction supervisor railway construction mwd in Bonn Bonn jobs,True,JobNinja,JobNinjaEU
1461779962323685120,2021-11-19 19:34:36,2021-11-19 20:34:36+01:00,,,," Das hast du v√∂llig richtig gemacht
Eigentlich h√§ttest sie noch drauf hinweisen m√ºssen dass sie an "," You did the right thing.
Actually, you should have pointed out that she was working on",True,Franz üéæ,fms_munich
1461807763617689600,2021-11-19 21:25:04,2021-11-19 22:25:04+01:00,,,,"AudiFahrer ger√§t auf Gegenspur Mann 70 stirbt bei Unfall mit BusBootGespann 
Bayern  ","Audi driver gets into oncoming lane Man 70 dies in accident with bus-boat team
Bavaria",False,TAG24 NEWS M√ºnchen,TAG24M
1461923802246524928,2021-11-20 05:06:10,2021-11-20 06:06:10+01:00,,,,Probleme mit Alkohol Im Meeting Arcis Anonyme Alkoholiker M√ºnchen sprechen wir dar√ºber jeden Samstag um 1900 Uh ,Problems with alcohol In the meeting Arcis Alcoholics Anonymous Munich we talk about it every Saturday at 1900 Uh,True,@bill&bob,arcismeeting
1461925698424250368,2021-11-20 05:13:42,2021-11-20 06:13:42+01:00,,,,"Heute Meeting Arcis Anonyme Alkoholiker M√ºnchen wie jeden Samstag um 1900 Uhr 

M√ºnchen Schwabing N√§he Nordbad ","Today meeting Arcis Alcoholics Anonymous Munich as every Saturday at 1900 clock

Munich Schwabing near Nordbad",True,@bill&bob,arcismeeting
1461958943215963904,2021-11-20 07:25:48,2021-11-20 08:25:48+01:00,,,,   Lasst die Gastst√§tten offen und nicht nur bus 22 Uhr,   Keep the pubs open and not only bus 22 clock,False,Vinzent Vegas,Vinzent_Vegas
1462002184032239616,2021-11-20 10:17:38,2021-11-20 11:17:38+01:00,,,,Weigl √ºber Anschlag Schatz ne Bombe ,Weigl about stop treasure ne bomb,False,SPORT1,SPORT1
1462054998490198016,2021-11-20 13:47:29,2021-11-20 14:47:29+01:00,,,,Nat√ºrlich so getaktet dass Anschlussbahn und Bus sich auf die Minute verpassen ,"Of course, timed so that the connecting train and bus miss each other to the minute.",False,Der eine da,Kevin_sdrn
1462173896564743936,2021-11-20 21:39:57,2021-11-20 22:39:57+01:00,,,,"Jetzt auch auf Instagram Wo bitte gehts zum Bus
","Now also on Instagram Where please go to the bus
",False,Edmund Lauterbach,elba013
1462321121278271488,2021-11-21 07:24:58,2021-11-21 08:24:58+01:00,,,,Bitte Deswegen ist es doch rot angemalt Da muss man schon damit rechnen dass ein Bus auf dem Radstreifen f√§hrt ,Please That's why it's painted red You have to expect a bus to drive on the bike lane,False,Daniela Becker,dansiela_b
1462323562681933824,2021-11-21 07:34:40,2021-11-21 08:34:40+01:00,,,," Gute Idee auch Splittergruppen m√ºssen erfasst werden 
Ich denke hier in MUC w√§re ein Satz Busse top "," Good idea also splinter groups must be recorded
I think here in MUC would be a set of buses top",True,truegrueni üíâüíâ,truegrueni
1462324634880286720,2021-11-21 07:38:56,2021-11-21 08:38:56+01:00,,,, Deine Grundidee ist auf jeden Fall korrekt neulich im tv √ºber Bremen glaub ich die ham sich die Hots , Your basic idea is correct in any case the other day on tv about Bremen I think they got the hots,True,truegrueni üíâüíâ,truegrueni
1462383260424716288,2021-11-21 11:31:53,2021-11-21 12:31:53+01:00,,,," Neu auf  

In Ghost Tropic schl√§ft eine Frau nach der Arbeit im Bus ein und muss nun von der Endhaltestell "," New on

In Ghost Tropic, a woman falls asleep on the bus after work, and now has to walk from the final stop",True,Film-Rezensionen.de,filmrezensionen
1462387817343029248,2021-11-21 11:50:00,2021-11-21 12:50:00+01:00,,,,Pandemie 3G in Bus und Bahn  Was Fahrg√§ste jetzt wissen m√ºssen Covid19   via ,Pandemic 3G on buses and trains What passengers need to know now Covid19 via,False,Egbert,forch20131
1462402699945775104,2021-11-21 12:49:08,2021-11-21 13:49:08+01:00,,,,  Noise Cancelling Kopfh√∂rer Meine besten Freunde,  Noise Cancelling Headphones My Best Friends,False,Ramona | Zockernautin,Eltragalibros
1462419271494025216,2021-11-21 13:54:59,2021-11-21 14:54:59+01:00,,"{'id': '5867d1b3eeb9a4e8', 'url': 'https://api.twitter.com/1.1/geo/id/5867d1b3eeb9a4e8.json', 'place_type': 'neighborhood', 'name': 'Pasing-Obermenzing', 'full_name': 'Pasing-Obermenzing, M√ºnchen', 'country_code': 'DE', 'country': 'Germany', 'contained_within': [], 'bounding_box': {'type': 'Polygon', 'coordinates': [[[11.431733, 48.128517], [11.492077, 48.128517], [11.492077, 48.176466], [11.431733, 48.176466]]]}, 'attributes': {}}",,und wo Du schon dabei bist Sinnlos im M√ºnchner Westen rumzufahren  dann darfst Du auch noch vor K√§lte bibbernd ,and since you are already senselessly driving around in the west of Munich then you may also still be shivering from the cold.,True,Regina Koller,KollerRegina
1462436251945033728,2021-11-21 15:02:27,2021-11-21 16:02:27+01:00,,,, Dass die Verbindung Zwiesel  Spiegelau  Grafenau nicht aufgegeben wurde ist der Regentalbahn zu ver , The fact that the connection Zwiesel Spiegelau Grafenau was not abandoned is due to the Regentalbahn.,True,Nina Reitz,reitz_nina
1462456647708815104,2021-11-21 16:23:30,2021-11-21 17:23:30+01:00,,,, Was hast Du f√ºr nen Bus, What do you have for nen bus,False,Holger Wolff,HolgerWolff3
1462478004974759936,2021-11-21 17:48:22,2021-11-21 18:48:22+01:00,,,,Strengere CoronaRegeln auch in Bus Bahn und Flugzeug ,"Stricter Corona rules also on buses, trains and planes",False,Merkur.de,merkur_de
1462497075589959680,2021-11-21 19:04:09,2021-11-21 20:04:09+01:00,,,,65400282 71  Oder der Schl√§ger war schlecht bespannt Oder der Bus hatte Versp√§tung Oder ,65400282 71 Or the racket was badly strung Or the bus was late Or,True,"Me, I‚Äòm Counting",loumeimcounting
1462502070301466624,2021-11-21 19:24:00,2021-11-21 20:24:00+01:00,,"{'id': '37439688c6302728', 'url': 'https://api.twitter.com/1.1/geo/id/37439688c6302728.json', 'place_type': 'city', 'name': 'Munich', 'full_name': 'Munich, Germany', 'country_code': 'DE', 'country': 'Germany', 'contained_within': [], 'bounding_box': {'type': 'Polygon', 'coordinates': [[[11.360589, 48.061634], [11.722918, 48.061634], [11.722918, 48.248124], [11.360589, 48.248124]]]}, 'attributes': {}}",,3 dreiviertel Stunden in der K√§lte am Vereinsgel√§nde des SV M√ºnchenLaim eV auf die versprochene spontanohne Ter ,3 three-quarters of an hour in the cold at the club grounds of SV M√ºnchenLaim eV waiting for the promised spontaneous without Ter,True,Regina Koller,KollerRegina
1462508126633172992,2021-11-21 19:48:04,2021-11-21 20:48:04+01:00,,,,3G in Bus und Bahn Was schon klar ist  und was nicht ,3G in bus and train What is already clear and what is not,False,BR24,BR24
1462552162161106688,2021-11-21 22:43:03,2021-11-21 23:43:03+01:00,,,, Nur wartest Du sicher nie auf einen Bus Nils," Only you never wait for a bus, Nils...",False,lizard_king,lizzardkiing
1462662847465504768,2021-11-22 06:02:52,2021-11-22 07:02:52+01:00,,,, 3G in Bus und Bahn schon in dieser Woche Was Fahrg√§ste jetzt wissen m√ºssen  , 3G on buses and trains as early as this week What passengers need to know now,False,FOCUS Eilmeldungen,FOCUS_Eil
1462707598847889408,2021-11-22 09:00:42,2021-11-22 10:00:42+01:00,,,, Wann kann eigentlich die Mehrheit der deutschen Nutzer mit IPv4 CGN und echter IPv6 das FritzVPN nutzen D , When can actually the majority of German users with IPv4 CGN and real IPv6 use the FritzVPN D,True,Lars Duesing,lduesing
1462708743305637888,2021-11-22 09:05:14,2021-11-22 10:05:14+01:00,,,, Wer vom Land hat heute vor der Arbeit einen kilometerweiten Fu√ümarsch oder Radltour zum Testzentrum gem , Who from the country has today before the work a kilometer-wide foot march or Radltour to the test center gem,True,Grantler,oida_grantler
1462710292614422528,2021-11-22 09:11:24,2021-11-22 10:11:24+01:00,,,,Probleme mit Alkohol Im Meeting Arcis Anonyme Alkoholiker M√ºnchen sprechen wir dar√ºber jeden Samstag um 1900 Uh ,Problems with alcohol In the meeting Arcis Alcoholics Anonymous Munich we talk about it every Saturday at 1900 Uh,True,@bill&bob,arcismeeting
1462717489989652480,2021-11-22 09:40:00,2021-11-22 10:40:00+01:00,,,,Der Iveco EWay ist jetzt optional auch mit neuen HochleistungsNMCBatterien NickelManganCobalt erh√§ltlich  D ,The Iveco EWay is now optionally available with new high-performance NickelManganeseCobalt (NMC) batteries D,True,AGK Truck & Bus GmbH,AGK_Bayern
1462732589551296512,2021-11-22 10:40:00,2021-11-22 11:40:00+01:00,,,,Ihre Buswerkstatt in Feldkirchen bei M√ºnchen und F√ºrth  AGKBayern Bus Werkstatt,Your bus workshop in Feldkirchen near Munich and F√ºrth AGKBayern Bus Werkstatt,False,AGK Truck & Bus GmbH,AGK_Bayern
1462778133267025920,2021-11-22 13:40:58,2021-11-22 14:40:58+01:00,,,,Ne Nacht die anstrengender war als der ganze Tag davor  oder aufstehen und sich wie vom Bus gestreift f√ºhlen,A night that was more exhausting than the whole day before or getting up and feeling like being hit by a bus.,False,jemand.,jmnnd1
1462791481933156352,2021-11-22 14:34:01,2021-11-22 15:34:01+01:00,,,,161 Ich m√ºsste zuerst ins Testzentrum laufen um mich Testen zu lassen Anschliessend dann mit dem Bus zum Im ,161 I would first have to walk to the test centre to get tested and then take the bus to the hospital.,True,Marco Levenhagen üá©üá™üá™üá∫üåç,mlevenhagen
1462816629130149888,2021-11-22 16:13:56,2021-11-22 17:13:56+01:00,,,,3GRegel in Bus und Bahn Das m√ºssen Fahrg√§ste jetzt beachten ,3G rule on buses and trains Passengers must now observe this rule,False,Merkur.de,merkur_de
1462870519804534784,2021-11-22 19:48:05,2021-11-22 20:48:05+01:00,,,, Die Bayern w√§hlen den Diktator genau Wegen seines CoronaWahnsinns Sie wollen und w√ºnschen sich , The Bavarians vote for the dictator precisely BECAUSE of his Corona madness They want and wish for,True,Gregor,gregadam2009
1462984406948270080,2021-11-23 03:20:38,2021-11-23 04:20:38+01:00,,,,Neun Verletzte in Bremerhaven bei Unfall mit Bus ,Nine injured in Bremerhaven in accident with bus,False,Merkur.de,merkur_de
1463021889664790528,2021-11-23 05:49:34,2021-11-23 06:49:34+01:00,,,, Bei einem Busungl√ºck in Bulgarien sind mindestens 45 Menschen ums Leben gekommen Der Bus verungl√ºckte in der , At least 45 people have died in a bus accident in Bulgaria The bus crashed in the,True,BR24,BR24
1463044301731115008,2021-11-23 07:18:38,2021-11-23 08:18:38+01:00,,,,"5 Freundin war So beim Impfbus
Es hie√ü ab 9 845 waren bereits um 80 Personen da Bus kam gegen 945 Z ","5 Friend was so at the vaccination bus
It said from 9 845 were already around 80 people there bus came around 945 Z",True,Weltnichtversteherin üî¥üî¥üî¥,sicilia1991
1463046623773212672,2021-11-23 07:27:51,2021-11-23 08:27:51+01:00,,,,Heftiger Unfall in Bulgarien Bus geht in Flammen auf  mindestens 46 Tote ,Violent accident in Bulgaria Bus bursts into flames at least 46 dead,False,Merkur.de,merkur_de
1463050971341332480,2021-11-23 07:45:08,2021-11-23 08:45:08+01:00,,,,Wann haftet bei einem Schaden wenn ein Bus  von der Haltestelle abf√§hrt Wenn ein Fahrzeug vom Fahrbahnrand auf d ,When is liability for damage when a bus pulls away from a bus stop When a vehicle pulls away from the side of the road onto d,True,OMNIBUSREVUE,omnibusrevue
1463057166781358080,2021-11-23 08:09:45,2021-11-23 09:09:45+01:00,,,, Bei einem Busungl√ºck in Bulgarien sind mindestens 45 Menschen ums Leben gekommen Der Bus verungl√ºckte in der , At least 45 people have died in a bus accident in Bulgaria The bus crashed in the,True,BR24,BR24
1463063665817657088,2021-11-23 08:35:34,2021-11-23 09:35:34+01:00,,"{'id': '37439688c6302728', 'url': 'https://api.twitter.com/1.1/geo/id/37439688c6302728.json', 'place_type': 'city', 'name': 'Munich', 'full_name': 'Munich, Germany', 'country_code': 'DE', 'country': 'Germany', 'contained_within': [], 'bounding_box': {'type': 'Polygon', 'coordinates': [[[11.360589, 48.061634], [11.722918, 48.061634], [11.722918, 48.248124], [11.360589, 48.248124]]]}, 'attributes': {}}",,Voraussichtlich ab morgen gilt die 3GRegelung in U amp SBahn Bus und Tram Damit d√ºrfen nur geimpfte genesene od ,Probably from tomorrow the 3G-regulation is valid in U amp SBahn bus and tram With it only vaccinated recovered od,True,Dorin Popa,NiceBastard
1463074510207434752,2021-11-23 09:18:40,2021-11-23 10:18:40+01:00,,"{'id': '37439688c6302728', 'url': 'https://api.twitter.com/1.1/geo/id/37439688c6302728.json', 'place_type': 'city', 'name': 'Munich', 'full_name': 'Munich, Germany', 'country_code': 'DE', 'country': 'Germany', 'contained_within': [], 'bounding_box': {'type': 'Polygon', 'coordinates': [[[11.360589, 48.061634], [11.722918, 48.061634], [11.722918, 48.248124], [11.360589, 48.248124]]]}, 'attributes': {}}",,13  Was mich hier in Deutschland am meisten nervt ist dieses grunds√§tzliche abwehrende Nein s ,13 What annoys me most here in Germany is this basic defensive no s,True,Dorin Popa,NiceBastard
1463078218819379200,2021-11-23 09:33:24,2021-11-23 10:33:24+01:00,,,, Das Foto kmmt im M√ºnchner Fenster im TV von Bus Tram und UBahn meist dicht hinter der KickerWe , The photo kmmt in the Munich window in the TV of bus tram and UBahn usually close behind the KickerWe,True,Ingmar Gregorzewski ü™ë,readingmar
1463079878090235904,2021-11-23 09:40:00,2021-11-23 10:40:00+01:00,,,,Seit mehr als dreizehn Jahren sorgen wir daf√ºr dass Nahverkehrs und Reisebusse nach Wartungen und Reparaturen sch ,For more than thirteen years we have been making sure that local transport and coaches are safe after maintenance and repairs.,True,AGK Truck & Bus GmbH,AGK_Bayern
1463083358028718080,2021-11-23 09:53:49,2021-11-23 10:53:49+01:00,,,,Unterwegs mit Bus und Bahn im 3GLand Was Fahrg√§ste jetzt wissen m√ºssen ,Travelling by bus and train in 3GLand What passengers need to know now,False,WEB.DE News,WEBDENews
1463083358896930816,2021-11-23 09:53:50,2021-11-23 10:53:50+01:00,,,,Unterwegs mit Bus und Bahn im 3GLand Was Fahrg√§ste jetzt wissen m√ºssen ,Travelling by bus and train in 3GLand What passengers need to know now,False,WEB.DE News - Wissen,WEBDENews_Infos
1463083358896930818,2021-11-23 09:53:50,2021-11-23 10:53:50+01:00,,,,Unterwegs mit Bus und Bahn im 3GLand Was Fahrg√§ste jetzt wissen m√ºssen ,Travelling by bus and train in 3GLand What passengers need to know now,False,WEB.DE News - Wissen,WEBDENews_Infos
1463098030899568646,2021-11-23 10:52:08,2021-11-23 11:52:08+01:00,,,," Fast ALLE Gestorbenen sind Albaner viele von ihnen Kinder 

UND der Bus geh√∂rte der Firma BESA trans "," Almost ALL the dead are Albanians many of them children

AND the bus belonged to the company BESA trans",True,Saliha-Sylbija,KinderschutzI
1463125360556617735,2021-11-23 12:40:44,2021-11-23 13:40:44+01:00,,,, Viel Gl√ºck allen Projekten wenn die Station DonnersbergerBr√ºcke als Referenz gilt Kein sicherer Umstieg zu , Good luck to all projects if DonnersbergerBr√ºcke station is the reference No safe transfer to,True,Fabian Norden,fabiannorden
1463126388047851529,2021-11-23 12:44:49,2021-11-23 13:44:49+01:00,,,, Also dass das Model 3 im Gegensatz zum EQS nicht blitzt und blinkt wie ein Barbie Bus finde ich gut," I like the fact that the Model 3, unlike the EQS, doesn't flash and blink like a Barbie bus.",False,Robin Engelhardt,Elektro_Robin
1463172109493055490,2021-11-23 15:46:29,2021-11-23 16:46:29+01:00,,,, Bis vor Kurzem kamen immer wieder Impfgegner zum Bus Giftspritzer schrien sie M√∂rder Aber als im Landkre ," Until recently, anti-vaccinationists kept coming to the bus Poisoners shouted they were murderers But when in county",True,hiraeth üé∑,h12437h
1463186023161241602,2021-11-23 16:41:47,2021-11-23 17:41:47+01:00,,,, 100 verst√§ndlich Und die Kollegin kommt eh nicht drum rum sich testen zu lassen da sie den Nachweis au , 100 understandable And the colleague can not get around it anyway to be tested because they have the proof au,True,Lina Tereshkova #stayathome üåπ,lina_tereshkova
1463255351017590790,2021-11-23 21:17:16,2021-11-23 22:17:16+01:00,,,,  das mit der 3 g regel in bus  Bahn  treibt ab morgen wieder sehr viel mehr Autos auf die strasse ,  that with the 3 g rule in bus lane drives from tomorrow again much more cars on the road,True,doris use,doris_use
1463353123536347138,2021-11-24 03:45:47,2021-11-24 04:45:47+01:00,,,,Sch√§rfere CoronaRegeln 3GKontrollen in Bus und Bahn ,Stricter Corona rules 3G checks on buses and trains,False,Merkur.de,merkur_de
1463356996418256900,2021-11-24 04:01:10,2021-11-24 05:01:10+01:00,,,,"Hab meinen Bus verpasst
Wie hoch steht die Chance dass ich ein Fahrrad klau","Missed my bus.
What are the odds I'd steal a bike?",False,cloutboi juliüßâ,_juliuspeter
1463386270688759810,2021-11-24 05:57:29,2021-11-24 06:57:29+01:00,,,,Youtube Kommt der Kia Niro noch einmal als Vollstromer Polestar Precept wird zum  Designstar Polestar 5 ,Youtube Is the Kia Niro coming once again as a full-power Polestar Precept becomes a design star Polestar 5,True,e-engine magazin,eenginemagazin
1463395744287805442,2021-11-24 06:35:08,2021-11-24 07:35:08+01:00,,,,Welcher bastard hat es ein teend gemacht im bus mir zu airdroppen,What bastard has made it a teend in bus me to airdrop,False,üí¨üí≠üóØÔ∏èüó®Ô∏è,b3kirhan
1463401079153074182,2021-11-24 06:56:20,2021-11-24 07:56:20+01:00,,,,"Heute stellt die Ampel ihren Koalitionsvertrag vor 

Bu√ügelder haben eine abschreckende Wirkung Vor allem wenn si ","Today the traffic light presents its coalition agreement

Fines have a deterrent effect Especially when si",True,Nikolaus Gradl,gradl
1463402710976413697,2021-11-24 07:02:49,2021-11-24 08:02:49+01:00,,,,M√∂cht nicht wissen was das f√ºr ein Chaos in Bus und Bahn auch ist mit der 3G Regel Des geht ned lang gut Aber sie ,Would not like to know what the chaos in bus and train is also with the 3G rule Des goes ned lang well But she,True,·ó©·ëéGI·ïÆ ¬Æ,sweettweetangie
1463403580996599809,2021-11-24 07:06:17,2021-11-24 08:06:17+01:00,,,,24 Die Kontrolle muss vor dem Einstieg gemacht werden Bei SBahn und UBahn sogar vor betreten des Bahnsteigs ,24 The check must be made before boarding For SBahn and U-Bahn even before entering the platform,True,‚úåüèΩDie M√§usededektivinüòÉ‚ú®üíáüèº‚Äç‚ôÄÔ∏è,betty91119
1463407829277151237,2021-11-24 07:23:09,2021-11-24 08:23:09+01:00,,,,"TOPNEWS AM MORGEN
 Neuinfektionen erreichen abermals neuen H√∂chstwert  Inzidenz erstmals √ºber 400
 3GKontr ","TOPNEWS IN THE MORNING
 New infections reach new high Incidence exceeds 400 for the first time
 3Gcontr",True,WEB.DE News,WEBDENews
1463408318203019265,2021-11-24 07:25:06,2021-11-24 08:25:06+01:00,,,,Im Handwerk kein Corona W√§hrend S√∂ders Apokalypse bevorsteht getestete Sch√ºler Masken tragen keiner ohne TestIm ,In the craft no Corona While S√∂der's apocalypse is imminent tested pupils masks wear none without testIm,True,Grantler,oida_grantler
1463409562954964995,2021-11-24 07:30:03,2021-11-24 08:30:03+01:00,,,,Ab diesem Mittwoch gelten sch√§rfere CoronaRegeln in Bussen und Bahnen Fahrg√§ste m√ºssen dann gem√§√ü der sogenannten ,"As of this Wednesday, stricter Corona rules will apply on buses and trains Passengers will then be required to travel in accordance with the so-called ""Corona rules"".",True,boerseonline,boerseonline
1463427417872252928,2021-11-24 08:41:00,2021-11-24 09:41:00+01:00,,,,VIDEO Geimpft genesen oder getestet Ab diesem Mittwoch gilt auch in Bussen und Bahnen die 3GRegel Doch bei wei ,"VIDEO Vaccinated recovered or tested As of this Wednesday, the 3G rule will also apply in buses and trains But at wei",True,WEB.DE News,WEBDENews
1463428118186708992,2021-11-24 08:43:47,2021-11-24 09:43:47+01:00,,"{'id': '37439688c6302728', 'url': 'https://api.twitter.com/1.1/geo/id/37439688c6302728.json', 'place_type': 'city', 'name': 'Munich', 'full_name': 'Munich, Germany', 'country_code': 'DE', 'country': 'Germany', 'contained_within': [], 'bounding_box': {'type': 'Polygon', 'coordinates': [[[11.360589, 48.061634], [11.722918, 48.061634], [11.722918, 48.248124], [11.360589, 48.248124]]]}, 'attributes': {}}",,Studierende denen der Gelenkbus mit 49 Fahrg√§sten in der Pandemie zu voll ist und die lieber den Bus zehn Minuten sp√§ter nehmen,students for whom the articulated bus with 49 passengers is too full in the pandemic and who prefer to take the bus ten minutes later,False,Dorin Popa,NiceBastard
1463438160986320903,2021-11-24 09:23:41,2021-11-24 10:23:41+01:00,,,,Das kann teuer werden AmpelParteien legen Bu√ügelder f√ºr 3GVerweigerer in Bus und Bahn fest ,This can be expensive traffic lightsParties set fines for 3G refusers on buses and trains,False,Merkur.de,merkur_de
1463441137109196800,2021-11-24 09:35:31,2021-11-24 10:35:31+01:00,,,,3GRegel in Bus und Bahn Was Reisende ab sofort beachten m√ºssen ,3G rule on buses and trains What travellers must observe with immediate effect,False,Merkur.de,merkur_de
1463443681336344576,2021-11-24 09:45:37,2021-11-24 10:45:37+01:00,,,, OBWOHL das DetonationsLOCH im Bus KLAR zu SEHEN ist wird dieser Aspekt GAR NICHT untersucht sondern allerle ," WHILE the detonation hole in the bus is CLEARLY VISIBLE, this aspect is NOT investigated at all, but rather all the",True,Saliha-Sylbija,KinderschutzI
1463446547308466177,2021-11-24 09:57:01,2021-11-24 10:57:01+01:00,,,,Ab heute 3GRegel in Bus Bahn und Tram in M√ºnchen,"From today 3G rule in bus, tram and train in Munich",False,Jenny,jennyAntifa
1463446876498403329,2021-11-24 09:58:19,2021-11-24 10:58:19+01:00,,,,Versch√§rfte CoronaRegeln bei Bahn und Bus 3GPflicht gilt  zus√§tzlich zur Maskenpflicht ,Stricter Corona rules for trains and buses 3G obligation applies in addition to the mask obligation,False,Merkur.de,merkur_de
1463446937018019841,2021-11-24 09:58:33,2021-11-24 10:58:33+01:00,,"{'id': 'ba3fdf239c314d26', 'url': 'https://api.twitter.com/1.1/geo/id/ba3fdf239c314d26.json', 'place_type': 'city', 'name': 'Planegg', 'full_name': 'Planegg, Deutschland', 'country_code': 'DE', 'country': 'Germany', 'contained_within': [], 'bounding_box': {'type': 'Polygon', 'coordinates': [[[11.385065, 48.089355], [11.463634, 48.089355], [11.463634, 48.118412], [11.385065, 48.118412]]]}, 'attributes': {}}",, Hier drau√üen auf Landkreis Muc haben die einfach jeder Bus zum Schul Bus Deklariert," Out here in the Muc district, they have simply declared every bus a school bus.",False,üåà Happy Horror Clown.,PirateSoul4
1463448747808014336,2021-11-24 10:05:45,2021-11-24 11:05:45+01:00,,,,Der Sch√∂nste Bus 2021 f√§hrt als HoponHopoffBus in und um Trier ,The Most Beautiful Bus 2021 travels as HoponHopoffBus in and around Trier,False,busplaner,omnibusmagazin
1463452183580622851,2021-11-24 10:19:24,2021-11-24 11:19:24+01:00,,,,Ab heute gilt bundesweit 3G in Bus und Bahn Bayerns Verkehrsministerin KerstinSchreyer bei Kontrollen der ,"As of today, 3G applies nationwide in buses and trains Bavaria's Transport Minister KerstinSchreyer during checks of the",True,"Staatsministerium f√ºr Wohnen, Bau und Verkehr",BauenBewegen
1463452222306623488,2021-11-24 10:19:34,2021-11-24 11:19:34+01:00,,"{'id': 'ba3fdf239c314d26', 'url': 'https://api.twitter.com/1.1/geo/id/ba3fdf239c314d26.json', 'place_type': 'city', 'name': 'Planegg', 'full_name': 'Planegg, Deutschland', 'country_code': 'DE', 'country': 'Germany', 'contained_within': [], 'bounding_box': {'type': 'Polygon', 'coordinates': [[[11.385065, 48.089355], [11.463634, 48.089355], [11.463634, 48.118412], [11.385065, 48.118412]]]}, 'attributes': {}}",, Klasse auf denn Land ist jetzt jeder verdammten Bus eine Schul Bus, Class in the country is now every damn bus a school bus,False,üåà Happy Horror Clown.,PirateSoul4
1463452570404495360,2021-11-24 10:20:57,2021-11-24 11:20:57+01:00,,"{'id': 'ba3fdf239c314d26', 'url': 'https://api.twitter.com/1.1/geo/id/ba3fdf239c314d26.json', 'place_type': 'city', 'name': 'Planegg', 'full_name': 'Planegg, Deutschland', 'country_code': 'DE', 'country': 'Germany', 'contained_within': [], 'bounding_box': {'type': 'Polygon', 'coordinates': [[[11.385065, 48.089355], [11.463634, 48.089355], [11.463634, 48.118412], [11.385065, 48.118412]]]}, 'attributes': {}}",,Busfahrer kette kind ayf Vorder sitz fest und sagt das ist eine Schul Bus,Bus driver chain kid ayf front seat tight and says this is a school bus,False,üåà Happy Horror Clown.,PirateSoul4
1463458624131510277,2021-11-24 10:45:00,2021-11-24 11:45:00+01:00,,,," Ihre Buswerkstatt in Feldkirchen bei M√ºnchen F√ºrth und Bayern
 Wartung
 Kundendienst
 Reparatur
 "," Your bus workshop in Feldkirchen near Munich F√ºrth and Bavaria
 Maintenance
 Customer service
 Repair
 ",True,AGK Truck & Bus GmbH,AGK_Bayern
1463482543093784586,2021-11-24 12:20:03,2021-11-24 13:20:03+01:00,,,,Ein kurzer Klick in den neuen gro√üen TwitterTrend 3g in bus und bahn und ich erfahre schon dass die Regierung j ,A quick click in the new big TwitterTrend 3g in bus and bahn and I already learn that the government j,True,Maurice Weber,MauriceWeber42
1463498560205467651,2021-11-24 13:23:41,2021-11-24 14:23:41+01:00,,,,Das Verkehrsministerium der FDP zu √ºberlassen einer Partei die Bus amp Bahn nur aus Bilderb√ºchern kennt und Fu√üg√§n ,"To leave the ministry of transport to the FDP, a party that only knows buses and trains from picture books, and pedestrians",True,Students for Future M√ºnchen,stu4future_muc
1463499840042766340,2021-11-24 13:28:47,2021-11-24 14:28:47+01:00,,,,Heftige Bu√ügelder Ab heute 3GPflicht in Bus amp Bahn  Andi Scheuer Bi  via ,Heavy fines From today 3GPflicht in Bus amp Bahn Andi Scheuer Bi via,False,Martin M. M√ºller,Mister_3M
1463506560953597952,2021-11-24 13:55:29,2021-11-24 14:55:29+01:00,,,,Versch√§rfte CoronaRegel bei der MVG  In UBahn Tram und Bus in M√ºnchen gilt ab heute 3G ,"Stricter Corona rule at MVG As of today, 3G is valid in Munich's subway, tram and bus systems.",False,tz,tzmuenchen
1463509049731960842,2021-11-24 14:05:22,2021-11-24 15:05:22+01:00,,,,Der Sch√∂nste Bus 2021 kommt aus Luxemburg ,The Most Beautiful Bus 2021 comes from Luxembourg,False,busplaner,omnibusmagazin
1463530380435279872,2021-11-24 15:30:08,2021-11-24 16:30:08+01:00,,,,Der chinesische Bushersteller BYD hat die ersten Elektrobusse an die DB Regio Bus ausgeliefert ,Chinese bus manufacturer BYD has delivered the first electric buses to DB Regio Bus,False,OMNIBUSREVUE,omnibusrevue
1463679918580117507,2021-11-25 01:24:21,2021-11-25 02:24:21+01:00,,,,Viele offene Fragen zur 3GRegel in Bus und Bahn ,Many unanswered questions about the 3G rule in buses and trains,False,Merkur.de,merkur_de
1463795511098580998,2021-11-25 09:03:40,2021-11-25 10:03:40+01:00,,,, Das ist ein DB Regio Bus, This is a DB Regio bus,False,Edmund Lauterbach,elba013
1463801732199239682,2021-11-25 09:28:23,2021-11-25 10:28:23+01:00,,,,"1    Das hei√üt niemand darf mehr zur Arbeit mit dem Bus fahren
Keine TyranneiDerAngsthasen","1 That means no one is allowed to ride the bus to work anymore
No TyrannyTheAnxiety Bunny",False,Die Vordenker,dievordenker
1463804653787832320,2021-11-25 09:40:00,2021-11-25 10:40:00+01:00,,,,Wegen der hohen CoronaInzidenzwerte gilt f√ºr touristische Busreisen in Bayern nach Informationen des LBO seit 24 ,"Due to the high incidence of corona, tourist bus tours in Bavaria have, according to information provided by the LBO, been subject to the following regulations since 24",True,AGK Truck & Bus GmbH,AGK_Bayern
1463812741483872256,2021-11-25 10:12:08,2021-11-25 11:12:08+01:00,,,,Schwanz eingezwickt  Feuerwehr muss Hund¬† in Bus frei¬† schneiden  Muenchen Nachrichten,Tail pinched fire department must cut dog free on bus Muenchen Nachrichten,False,BILD M√ºnchen,BILD_Muenchen
1463813159026835462,2021-11-25 10:13:48,2021-11-25 11:13:48+01:00,,,,  Bei Schulkinder wenigstens bei uns am Gymnasium reicht meines Wissens der Sch√ºlerauswei ,"  For schoolchildren at least at our grammar school, as far as I know, the pupil's identity card is sufficient.",True,Tangomuc,Tangomuc
1463821011217010693,2021-11-25 10:45:00,2021-11-25 11:45:00+01:00,,,,Fahrerschutz der AGK Truck amp Bus GmbH  Der optimale Schutz f√ºr Fahrg√§ste und Busfahrer  ,Driver protection of AGK Truck amp Bus GmbH The optimal protection for passengers and bus drivers,True,AGK Truck & Bus GmbH,AGK_Bayern
1463855349820186631,2021-11-25 13:01:27,2021-11-25 14:01:27+01:00,,"{'id': '37439688c6302728', 'url': 'https://api.twitter.com/1.1/geo/id/37439688c6302728.json', 'place_type': 'city', 'name': 'Munich', 'full_name': 'Munich, Germany', 'country_code': 'DE', 'country': 'Germany', 'contained_within': [], 'bounding_box': {'type': 'Polygon', 'coordinates': [[[11.360589, 48.061634], [11.722918, 48.061634], [11.722918, 48.248124], [11.360589, 48.248124]]]}, 'attributes': {}}",,"mvv M√ºnchen 

Du kommst p√ºnktlich zur Bushaltestelle doch der Bus f√§hrt 15 Minuten fr√ºher los und wir stehen je ","mvv Munich

You get to the bus stop on time but the bus leaves 15 minutes early and we are standing in the same place.",True,Ernst Dietrich,gowcms
1463883712119123982,2021-11-25 14:54:09,2021-11-25 15:54:09+01:00,,,,M√ºnchen macht Ernst 55 Euro f√ºr 3GVersto√ü in Bus und Bahn¬†  via 24,Munich gets serious 55 Euro for 3G violation on bus and train via 24,False,J√∂rg Mertensü•¶üåà,JmxMertens
1463895327161958404,2021-11-25 15:40:18,2021-11-25 16:40:18+01:00,,,, Du machst einen Bus F√ºhrerschein, You're getting a bus driver's license,False,Emmanuelle üî¥üíâ‚ûïüíâ,deuxcvsix
1463905857410945027,2021-11-25 16:22:09,2021-11-25 17:22:09+01:00,,,,Positives Fazit der 3GKontrollen in Bus und Bahn  eine Zahl √ºberrascht ,Positive conclusion of 3G checks on buses and trains one figure surprising,False,Merkur.de,merkur_de
1463911724684394504,2021-11-25 16:45:27,2021-11-25 17:45:27+01:00,,,,Positives Fazit der 3GKontrollen in Bus und Bahn  eine Zahl √ºberrascht ,Positive conclusion of 3G checks on buses and trains one figure surprising,False,tz,tzmuenchen
1463919921176485897,2021-11-25 17:18:02,2021-11-25 18:18:02+01:00,,,,Ich bin geimpft Und gegessen erwidert der kleine Junge im Bus auf die Durchsage dass man in √∂ffentlichen Verke ,I am vaccinated And eaten the little boy on the bus replies to the announcement that in public transport you can,True,Marina Nordbreze,Nordbreze
1463957101835870219,2021-11-25 19:45:46,2021-11-25 20:45:46+01:00,,,,Der Bus r√§umt ab  ,The bus clears,False,Ralf,ralf_baier3
1463994591116513283,2021-11-25 22:14:44,2021-11-25 23:14:44+01:00,,,, Mannschaft sch√∂n immer conference league mit nem kack Bus hin und her fahren lassen, Team nice always conference league with nem kack bus back and forth let,False,GillBatesiOS7,Os7Gill
1464114125643132933,2021-11-26 06:09:44,2021-11-26 07:09:44+01:00,,"{'id': '37439688c6302728', 'url': 'https://api.twitter.com/1.1/geo/id/37439688c6302728.json', 'place_type': 'city', 'name': 'Munich', 'full_name': 'Munich, Germany', 'country_code': 'DE', 'country': 'Germany', 'contained_within': [], 'bounding_box': {'type': 'Polygon', 'coordinates': [[[11.360589, 48.061634], [11.722918, 48.061634], [11.722918, 48.248124], [11.360589, 48.248124]]]}, 'attributes': {}}",,"Gerade im Bus auf dem Weg zum Unterricht wieder Fahrradfahrerinnen OHNE Licht unterwegs gesehen

Bitte g√∂nnt Euch
","Just on the bus on the way to class again bicyclists seen WITHOUT lights on the road

Please treat yourself
",False,RUDOLF INDERST (he|him),BenFlavor
1464167041414221824,2021-11-26 09:40:00,2021-11-26 10:40:00+01:00,,,,AGK Truck amp Bus GmbH Bayern in Feldkirchen bei M√ºnchen Mit unserem geschulten Fachpersonal und unserer modern ausg ,AGK Truck amp Bus GmbH Bavaria in Feldkirchen near Munich With our trained specialist personnel and our modern equipped,True,AGK Truck & Bus GmbH,AGK_Bayern
1464170117571530758,2021-11-26 09:52:13,2021-11-26 10:52:13+01:00,,,,  Das ist aber doch alles anekdotisch Entscheidend ist stecken sich Sch√ºler in der Schule oder z ,"  However, this is all anecdotal. What matters is whether students are in school or not.",True,Alexander,Kummerer94
1464182141168893952,2021-11-26 10:40:00,2021-11-26 11:40:00+01:00,,,,"√ñffnungszeiten der AGK Werkstatt in Feldkirchen bei M√ºnchen
Montag  Freitag 730  1700 Uhr und Samstag 800  ","Opening hours of the AGK workshop in Feldkirchen near Munich
Monday Friday 730 1700 h and Saturday 800",True,AGK Truck & Bus GmbH,AGK_Bayern
1464183341276610564,2021-11-26 10:44:46,2021-11-26 11:44:46+01:00,,,,  Exakt Daf√ºr ist dann kein Geld und es wird mit Tierparkbesuchern argumentiert Da geht Bus und ,  Exactly For this is then no money and it is argued with zoo visitors There goes bus and,True,IronLegs van VeloPower,ThomasMichels15
1464200218958872577,2021-11-26 11:51:50,2021-11-26 12:51:50+01:00,,,, Ich kenne eine Frau die nach dem impfen vom Bus angefahren wurde Bleibt wachsam, I know a woman who was hit by a bus after vaccinating. Stay alert.,False,Robert Spier,Gust1bus
1464222555305353234,2021-11-26 13:20:35,2021-11-26 14:20:35+01:00,,,,  Nat√ºrlich nicht Der Gro√üst√§dter hat zu jeder Zeit Bus und Bahn Ein Gro√üst√§dter ist in ,  Of course not The city dweller has bus and train at all times A city dweller is in,True,Local Guide,WeeWooBusDriver
1464223825386741765,2021-11-26 13:25:38,2021-11-26 14:25:38+01:00,,,,hu mech am bus an e random meedchen verl√©ift an lo s√´tzt hat am seminar niewend mir h√´llef ech sinn nerv√∂s,hu me am bus an e random meedchen verl√©ift an lo s√´tzt hat am seminar niewend mir h√´llef ech sinn nerv√∂s,False,al-beefi,pitbeffort
1464231263376658434,2021-11-26 13:55:11,2021-11-26 14:55:11+01:00,,,,Alexander Vlaskamp wird neuer Vorsitzender des Vorstands von MAN Truck amp Bus er folgt beim ,Alexander Vlaskamp becomes the new Chairman of the Executive Board of MAN Truck amp Bus he succeeds at the,True,VerkehrsRundschau,vr_online
1464240980027129886,2021-11-26 14:33:48,2021-11-26 15:33:48+01:00,,,,3GKontrollen in Fuldaer Stadtbussen Jeder F√ºnfte ohne g√ºltigen Nachweis ,3G checks in Fulda city buses Every fifth person without a valid certificate,False,Merkur.de,merkur_de
1464253108012335122,2021-11-26 15:22:00,2021-11-26 16:22:00+01:00,,,, H√§ einf rein bus kontrolle sowieos so selten, Haf pure bus check as wellos so rare,False,Kaan(aylin fan accüêà),kaanb03
1464280219058114561,2021-11-26 17:09:43,2021-11-26 18:09:43+01:00,,,,   In welcher Gro√üstadt leben Sie denn Ich habe ja selbst jahrelang in einer gel ,   What big city do you live in? I lived for years in a gelatinous city.,True,Local Guide,WeeWooBusDriver
1464490595351736320,2021-11-27 07:05:41,2021-11-27 08:05:41+01:00,,,,"Heute Meeting Arcis Anonyme Alkoholiker M√ºnchen wie jeden Samstag um 1900 Uhr 

M√ºnchen Schwabing N√§he Nordbad ","Today meeting Arcis Alcoholics Anonymous Munich as every Saturday at 1900 clock

Munich Schwabing near Nordbad",True,@bill&bob,arcismeeting
1464527141438111750,2021-11-27 09:30:54,2021-11-27 10:30:54+01:00,,,, Im interessant wie M√§nner sich selbst f√ºr eine Leistung r√ºhmen f√ºr die sie nur ein paar Minuten ge , Im interesting how men boast themselves for an achievement they only spent a few minutes on.,True,Rupert Scherer,scherer_rupert
1464533062084182018,2021-11-27 09:54:26,2021-11-27 10:54:26+01:00,,"{'id': '37439688c6302728', 'url': 'https://api.twitter.com/1.1/geo/id/37439688c6302728.json', 'place_type': 'city', 'name': 'Munich', 'full_name': 'Munich, Germany', 'country_code': 'DE', 'country': 'Germany', 'contained_within': [], 'bounding_box': {'type': 'Polygon', 'coordinates': [[[11.360589, 48.061634], [11.722918, 48.061634], [11.722918, 48.248124], [11.360589, 48.248124]]]}, 'attributes': {}}",,Der Christbaumst√§nder ist doch sicher beim Baum dabei oder Aus dem Bus zum Baumarkt gesendet,The Christmas tree stand is surely with the tree or sent from the bus to the hardware store.,False,StormXPadme,XStormyPadme
1464586067181547535,2021-11-27 13:25:03,2021-11-27 14:25:03+01:00,,,,Fahrer erleidet Herzinfarkt Bus √ºberrollt Fahrrad und kracht gegen Laternenmast Lauingen  ,Driver suffers heart attack Bus runs over bicycle and crashes into lamp post Lauingen,False,TAG24 NEWS M√ºnchen,TAG24M
1464619094733373441,2021-11-27 15:36:18,2021-11-27 16:36:18+01:00,,,,   In Singapur werden Ank√∂mmlinge am Flughafen abgeholt in einen Bus gesteckt ,"   In Singapore, arrivals are picked up at the airport and put on a bus",True,Eliza üåª,Eliza_Muc
1464624215181697027,2021-11-27 15:56:38,2021-11-27 16:56:38+01:00,,,,mit Bus und Bahn aber was solls Ich komme an gleichzeitig mit ca 20 Leuten im selben Bus Alle ohne Termin werd ,by bus and train but what the heck I arrive at the same time with about 20 people in the same bus All without appointment will,True,Daniel Zuegner,DanielZuegner
1464624216867749894,2021-11-27 15:56:39,2021-11-27 16:56:39+01:00,,,,Hotline wei√ü etwas niemand kann etwas herausfinden W√§hrenddessen kommen noch 3 Busladungen spontaner Impfwilliger ,"Hotline knows something no one can find out anything Meanwhile, 3 more busloads of spontaneous vaccinators arrive",True,Daniel Zuegner,DanielZuegner
1464627442170179591,2021-11-27 16:09:28,2021-11-27 17:09:28+01:00,,,,"Hatte gerade mega Gl√ºck hab heute mein Handy gewechselt
Wurde im Bus direkt nach Impfpass und Fahrkarte √ºberpr√ºft ","Just had mega luck have changed my phone today
Was checked on the bus directly after vaccination card and ticket",True,Ôº´Ôº©Ôº≤Ôº°,kira_5_13
1464662582715953166,2021-11-27 18:29:06,2021-11-27 19:29:06+01:00,,"{'id': '37439688c6302728', 'url': 'https://api.twitter.com/1.1/geo/id/37439688c6302728.json', 'place_type': 'city', 'name': 'Munich', 'full_name': 'Munich, Germany', 'country_code': 'DE', 'country': 'Germany', 'contained_within': [], 'bounding_box': {'type': 'Polygon', 'coordinates': [[[11.360589, 48.061634], [11.722918, 48.061634], [11.722918, 48.248124], [11.360589, 48.248124]]]}, 'attributes': {}}",, Das ist garantiert die Rache vom Karma nachdem ich gestern Punkte gesammelt habe weil ich einer Dame , I'm sure it's karma's revenge after I scored points yesterday for helping a lady...,True,"mal faul, mal Tier. Immer üåàüè≥Ô∏è‚Äçüåàüíâüíâüíâ",malfaulmaltier
1464669475094110209,2021-11-27 18:56:29,2021-11-27 19:56:29+01:00,,,,Tretrollerfahrer ger√§t in Mainz unter Bus und stirbt ,Pedal scooter rider gets under a bus in Mainz and dies,False,Merkur.de,merkur_de
1464669555566026757,2021-11-27 18:56:48,2021-11-27 19:56:48+01:00,,,," Ne hier Jan man aussteigen Leute nicht in den Bus lassen und auch mal richtig Furzen 

Ganz anders als Klassenfahrten"," Ne here Jan you get off people do not let in the bus and also times really farts

Quite different from school trips",False,LaLaLine,St_oryteller
1464689053744439301,2021-11-27 20:14:17,2021-11-27 21:14:17+01:00,,,, 68142735   Wieso das  Dass noch mehr Autos fahren  Statt dessen sollte er Auto ," 68142735 Why that That even more cars drive Instead, he should car",True,Karma,BonyMuc
1464716663379705862,2021-11-27 22:04:00,2021-11-27 23:04:00+01:00,,,,In der M√ºnchner Innenstadt k√∂nnt ihr in der Adventszeit immer samstags im Packerlbus eure Eink√§ufe lagern und ,In the city centre of Munich you can store your shopping in the Packerlbus every Saturday during the Advent period and,True,M√ºnchen,muenchen
1464883782113181696,2021-11-28 09:08:04,2021-11-28 10:08:04+01:00,,,,815 Hab ich mir bis jetzt tats√§chlich nicht angeschafft weil es in M√ºnchen maximal 2 Wochen im Jahr so sc ,815 I have so far actually not purchased because it is in Munich maximum 2 weeks a year so sc,True,Maiquita,MaikeAlessa
1464884001953533956,2021-11-28 09:08:56,2021-11-28 10:08:56+01:00,,,,815 In der Fr√ºh geht es weil ich fr√ºh genug losfahre aber auf dem Heimweg ist der Bus √ºbervoll,"815 In the morning it works because I leave early enough, but on the way home the bus is overcrowded.",False,Maiquita,MaikeAlessa
1464889818761080834,2021-11-28 09:32:03,2021-11-28 10:32:03+01:00,,,,In der  Pandemie meiden viele Menschen den Nahverkehr doch wegen des Klimaschutzes m√ºssen k√ºnftig mehr Leute in B ,"In the pandemic, many people avoid public transport, but because of climate protection, more people will have to travel in B",True,SZ Auto,SZ_Auto
1464890086886096901,2021-11-28 09:33:07,2021-11-28 10:33:07+01:00,,,,In der  Pandemie meiden viele Menschen den Nahverkehr doch wegen des Klimaschutzes m√ºssen k√ºnftig mehr Leute in B ,"In the pandemic, many people avoid public transport, but because of climate protection, more people will have to travel in B",True,SZ Top-News,SZ_TopNews
1464890086923902976,2021-11-28 09:33:07,2021-11-28 10:33:07+01:00,,,,In der  Pandemie meiden viele Menschen den Nahverkehr doch wegen des Klimaschutzes m√ºssen k√ºnftig mehr Leute in B ,"In the pandemic, many people avoid public transport, but because of climate protection, more people will have to travel in B",True,S√ºddeutsche Zeitung,SZ
1464895080850931724,2021-11-28 09:52:58,2021-11-28 10:52:58+01:00,,,,Probleme mit Alkohol Im Meeting Arcis Anonyme Alkoholiker M√ºnchen sprechen wir dar√ºber jeden Samstag um 1900 Uh ,Problems with alcohol In the meeting Arcis Alcoholics Anonymous Munich we talk about it every Saturday at 1900 Uh,True,@bill&bob,arcismeeting
1464941324961034245,2021-11-28 12:56:43,2021-11-28 13:56:43+01:00,,,,Ein vorbeifahrender Bus spielt Ein Prosit der Gem√ºtlichkeit,A passing bus plays A Cheers to Coziness,False,Lina Tereshkova #stayathome üåπ,lina_tereshkova
1465184014680141828,2021-11-29 05:01:05,2021-11-29 06:01:05+01:00,,,,"Guten Morgen
Gerade ist ein  Bus an der F√ºrstenrieder in M√ºnchen an mir Vorbei Hoffe das Teil muss hie ","Good Morning
Just a bus at the F√ºrstenrieder in Munich past me hope the part must hie",True,Stiller Geist,Akira1793
1465218644544299012,2021-11-29 07:18:41,2021-11-29 08:18:41+01:00,,"{'id': '37439688c6302728', 'url': 'https://api.twitter.com/1.1/geo/id/37439688c6302728.json', 'place_type': 'city', 'name': 'Munich', 'full_name': 'Munich, Germany', 'country_code': 'DE', 'country': 'Germany', 'contained_within': [], 'bounding_box': {'type': 'Polygon', 'coordinates': [[[11.360589, 48.061634], [11.722918, 48.061634], [11.722918, 48.248124], [11.360589, 48.248124]]]}, 'attributes': {}}",,Kindergartengruppe am Bus Erzieherin Wer 6 ist setzt jetzt eine Maske auf Wer noch keine 6 ist aber eine Maske ,Kindergarten group at the bus teacher Who is 6 now puts on a mask Who is not yet 6 but a mask,True,Dorin Popa,NiceBastard
1465230542903947264,2021-11-29 08:05:58,2021-11-29 09:05:58+01:00,,,,MAN Truck amp Bus SE Wechsel im Vorstand ,MAN Truck amp Bus SE Change in the Executive Board,False,busplaner,omnibusmagazin
1465254204952301569,2021-11-29 09:40:00,2021-11-29 10:40:00+01:00,,,,Unsere  Niederlassung in F√ºrth finden Sie in der Humbserstrasse 21  Ihre Buswerkstatt in F√ºrth N√ºrnber ,You will find our branch in F√ºrth at Humbserstrasse 21 Your bus workshop in F√ºrth N√ºrnber,True,AGK Truck & Bus GmbH,AGK_Bayern
1465270562737950722,2021-11-29 10:45:00,2021-11-29 11:45:00+01:00,,,,AGK BusKompetenzzentrum in Feldkirchen bei M√ºnchen  AGKBayern Bus Werkstatt,AGK BusCompetence Centre in Feldkirchen near Munich AGKBayern Bus Workshop,False,AGK Truck & Bus GmbH,AGK_Bayern
1465275889495781380,2021-11-29 11:06:10,2021-11-29 12:06:10+01:00,,,,"Ok mein Fehler der Expressbusring f√ºhrt nicht durch den Landkreis Ebersberg Sondern DAH  M  T√ñL  STA  FFB
W ","Ok my mistake the express bus ring does not lead through the district Ebersberg but DAH M T√ñL STA FFB
W",True,Edmund Lauterbach,elba013
1465303289461981195,2021-11-29 12:55:02,2021-11-29 13:55:02+01:00,,,,Fahranf√§ngerin kracht auf Staatsstra√üe nahe Wei√üenhorn in Bus 19J√§hrige stirbt an der Unfallstelle Unfall ,Driver crashes into bus on state road near Wei√üenhorn 19-year-old dies at the scene of the accident Accident,True,TAG24 NEWS M√ºnchen,TAG24M
1465309581488312326,2021-11-29 13:20:03,2021-11-29 14:20:03+01:00,,,,Klaiber Bus hat 15 √úberlandbusse vom Typ S 415 LE business √ºbernommen die auf einem Linienb√ºndel im Landkreis Tu ,Klaiber Bus has taken over 15 intercity buses of the type S 415 LE business which are operated on a route bundle in the district of Tu,True,OMNIBUSREVUE,omnibusrevue
1465334255488311300,2021-11-29 14:58:05,2021-11-29 15:58:05+01:00,,,,So Autochen ist weg und ich gondel jetzt erstmal mit dem Bus durchs Land,So Autochen is gone and I gondel now first with the bus through the country,False,Robin Engelhardt,Elektro_Robin
1465348150860918784,2021-11-29 15:53:18,2021-11-29 16:53:18+01:00,,,,"Schlecht Mein SEV Bus ist nat√ºrlich versp√§tet
Gut Alle Anschl√ºsse auch  ","Bad My SEV bus is of course delayed
Good All connections too",False,Robin Engelhardt,Elektro_Robin
1465362740537708545,2021-11-29 16:51:17,2021-11-29 17:51:17+01:00,,,,Bayern Mehrere Unf√§lle nach WinterEinbruch  19J√§hrige stirbt nach Zusammensto√ü mit Bus ,Bavaria Several accidents after winter break-in 19-year-old dies after collision with bus,False,tz,tzmuenchen
1465367508790046720,2021-11-29 17:10:13,2021-11-29 18:10:13+01:00,,,,Bayern Mehrere Unf√§lle nach WinterEinbruch  19J√§hrige stirbt nach Zusammensto√ü mit Bus ,Bavaria Several accidents after winter break-in 19-year-old dies after collision with bus,False,Merkur.de,merkur_de
1465375593432858632,2021-11-29 17:42:21,2021-11-29 18:42:21+01:00,,,,3GRegel im Nahverkehr L√ºckenlose Kontrollen gehen im √ñPNV einfach nicht ,3G rule in local transport Seamless controls simply don't work in public transport,False,SZ Dachau,SZ_Dachau
1465440315603628036,2021-11-29 21:59:32,2021-11-29 22:59:32+01:00,,,,8009443   Auch das ist vor paar Stunden in der N√§he Platz der Freiheit wieder passie ,8009443 This also happened again a few hours ago in the vicinity of Freedom Square.,True,Fabi üçÄ,jmdndrs
1465568405663227907,2021-11-30 06:28:31,2021-11-30 07:28:31+01:00,,,,"Aber eig hab ich auch keine Lust mich in den Bus zu hocken

Ich mein Bus im Winter w√§hrend Corona auf der Strecke ","But I don't really feel like sitting on the bus...

I mean bus in winter during Corona on the track",True,Spieletante,erzieherleben
1465571975884124166,2021-11-30 06:42:42,2021-11-30 07:42:42+01:00,,,,Ein Pentagramm im Bus am Morgen sch√ºtzt verl√§sslich vor Sorgen oder so Gluecksbringer Aberglaube Fuenfstern ,A pentagram in the bus in the morning reliably protects from worries or so luck bringer superstition Fuenfstern,True,Christoph Meinersmann,MeinersmannChr
1465592784245637125,2021-11-30 08:05:23,2021-11-30 09:05:23+01:00,,,, Vermutlich schwerer dort alle zu bestechen  habe ich so geh√∂rt auf der Strasse beim Bus , Probably harder to bribe everyone there I heard so on the street by the bus,False,Bobby Beat,BobbyBeatBeat
1465595442780123138,2021-11-30 08:15:57,2021-11-30 09:15:57+01:00,,,,  12 Bei uns gab es noch keinen nachgewiesenen Fall das Kinder zu Kinder √ºbertrugen ,  12 With us there was still no proven case that children to children transmitted,True,Mick,mick_michi
1465604639840247808,2021-11-30 08:52:30,2021-11-30 09:52:30+01:00,,,,Warum braucht flixbus immer zwei Spuren Verkehr bus ,Why does flixbus always need two lanes of traffic bus,False,Holger August,AugustHolger
1465612235066253321,2021-11-30 09:22:41,2021-11-30 10:22:41+01:00,,"{'id': '37439688c6302728', 'url': 'https://api.twitter.com/1.1/geo/id/37439688c6302728.json', 'place_type': 'city', 'name': 'Munich', 'full_name': 'Munich, Germany', 'country_code': 'DE', 'country': 'Germany', 'contained_within': [], 'bounding_box': {'type': 'Polygon', 'coordinates': [[[11.360589, 48.061634], [11.722918, 48.061634], [11.722918, 48.248124], [11.360589, 48.248124]]]}, 'attributes': {}}",,   24 Im Auto wenn man mit einer infekt√∂sen Person zusammensitzt ist das Risiko ,"   24 In the car, when sitting with an infectious person, the risk of infection is higher.",True,Vamos Tharne,Bommel1976
1465614091624534019,2021-11-30 09:30:03,2021-11-30 10:30:03+01:00,,,,"Mit dem Bus brauche ich 35 Min Offiziell

Schnee und Verkehr nicht eingerechnet

Mit dem Rad brauche ich also ge ","By bus it takes me 35 min Official

Snow and traffic not included

So by bike it takes me",True,Spieletante,erzieherleben
1465616592906031109,2021-11-30 09:40:00,2021-11-30 10:40:00+01:00,,,,Der Schulweg bayerischer Sch√ºler soll durch den Einsatz von Verst√§rkerbussen weiter Coronasicherer gemacht werde ,The school route of Bavarian pupils is to be made more Corona-safe through the use of reinforcement buses.,True,AGK Truck & Bus GmbH,AGK_Bayern
1465631692278874113,2021-11-30 10:40:00,2021-11-30 11:40:00+01:00,,,,Alle Werkstattleistungen der  im √úberblick  Ihre Werkstatt f√ºr Bus LKW und PKW ,All workshop services at a glance Your workshop for bus trucks and cars,True,AGK Truck & Bus GmbH,AGK_Bayern
1465631765385601024,2021-11-30 10:40:17,2021-11-30 11:40:17+01:00,,,,"Mal scheint es vor dem Fenster ganz okay f√ºrs radeln bei manchen Windst√∂√üen bin ich doch wieder bei Bus

Ich hasse das ","Sometimes it seems outside the window quite okay for cycling with some gusts of wind I am but again with bus

I hate that",False,Spieletante,erzieherleben
1465650747450826755,2021-11-30 11:55:43,2021-11-30 12:55:43+01:00,,,, Dr Shakshuka Und von den Spiessen bei Itzik Hagadol wird statt einer Person ein ganzer Bus satt ," Dr Shakshuka And from the skewers at Itzik Hagadol, instead of one person, a whole bus is fed",False,Dr. Andreas Weinek,AndreasWeinek
1465672135909720070,2021-11-30 13:20:42,2021-11-30 14:20:42+01:00,,,,"Liebe  
Wieso besitzen Busse Anh√§nger mit verbauten Heizungen wenn diese nicht angeschaltet werden
Der ","Dear
Why do buses have trailers with built-in heaters when they are not turned on
The",True,Melo‚õ∏@ hiatus,_Melodyless_
1465675670407819270,2021-11-30 13:34:45,2021-11-30 14:34:45+01:00,,,,"Kommunikation so wichtig
Ich bereite am Sonntag 34 vom Adventskalender vor
Mann kauft heute Adventssackerl
Ich ","Communication so important
I prepare on Sunday 34 of the Advent calendar
Husband buys Advent sacks today
I",True,bobolina,bobolina8
1465718543429910530,2021-11-30 16:25:07,2021-11-30 17:25:07+01:00,,,,Alexander Vlaskamp ist neuer Vorsitzender des Vorstands beim Nutzfahrzeughersteller MAN Truck amp Bus er folgt da ,Alexander Vlaskamp is the new Chairman of the Executive Board at commercial vehicle manufacturer MAN Truck amp Bus.,True,OMNIBUSREVUE,omnibusrevue
1465721621898006529,2021-11-30 16:37:21,2021-11-30 17:37:21+01:00,,,,Baum auf der Strecke zwischen Wicklesgreuth und Bahnhof Windsbach Streckensperrung Ersatzverkehr mit Bus zw ,Tree on the line between Wicklesgreuth and Windsbach station Line closure Substitute service with bus zw,True,DB Regio Bayern,streckenagentOB
1465771247162302467,2021-11-30 19:54:32,2021-11-30 20:54:32+01:00,,"{'id': '37439688c6302728', 'url': 'https://api.twitter.com/1.1/geo/id/37439688c6302728.json', 'place_type': 'city', 'name': 'Munich', 'full_name': 'Munich, Germany', 'country_code': 'DE', 'country': 'Germany', 'contained_within': [], 'bounding_box': {'type': 'Polygon', 'coordinates': [[[11.360589, 48.061634], [11.722918, 48.061634], [11.722918, 48.248124], [11.360589, 48.248124]]]}, 'attributes': {}}",,Aber selbst oder gerade bei diesem Wetter hat es auch Vorteile an der Haltestelle und nicht im Bus zu erheben ,But even or especially in this weather it has advantages to stand at the bus stop and not in the bus.,False,Dorin Popa,NiceBastard
1465931017408204801,2021-12-01 06:29:24,2021-12-01 07:29:24+01:00,,,,Bei starkem Schneefall und Wind ist im Landkreis Bad T√∂lz  Wolfratshausen ein Bus in ein Auto gefahren Dessen Fah ,"In heavy snowfall and wind in the district of Bad T√∂lz Wolfratshausen, a bus crashed into a car.",True,SZ Bayern,SZ_Bayern
1465933536624525315,2021-12-01 06:39:25,2021-12-01 07:39:25+01:00,,,,In Schneegest√∂ber  Bus rutscht auf Gegenfahrbahn  Autofahrerin tot  Muenchen Nachrichten,In snow flurries bus slides into oncoming lane car driver dead Muenchen Nachrichten,False,BILD M√ºnchen,BILD_Muenchen
1465936221297942533,2021-12-01 06:50:05,2021-12-01 07:50:05+01:00,,,,Bus kommt auf ST2072 in Bayern auf Gegenspur Autofahrerin stirbt bei Frontalzusammensto√ü Unfall Egling ,Bus enters oncoming lane on ST2072 in Bavaria Car driver dies in head-on collision Accident Egling,True,TAG24 NEWS M√ºnchen,TAG24M
1465960517189652492,2021-12-01 08:26:38,2021-12-01 09:26:38+01:00,,,,"CoronaAnsteckungsrisiko unterwegs 
Prof Dr Walter Popp erkl√§rt in einem Video wo das Tragen von Masken am wich ","CoronaRisk of infection on the road
Prof Dr Walter Popp explains in a video where wearing masks is most important.",True,betterairde,betterairde
1465960582801199108,2021-12-01 08:26:53,2021-12-01 09:26:53+01:00,,,, Bist du sicher dass er den Busfahrer nicht gebustert hat, Are you sure he didn't blow the bus driver?,False,Jan Werner,PrussiaRobe77
1465978980893405184,2021-12-01 09:40:00,2021-12-01 10:40:00+01:00,,,,Ihre pers√∂nlichen Ansprechpartnerinnen bei der AGK   AGKBayern Bus LKW PKW Werkstatt ,Your personal contact persons at AGK AGKBayern Bus Truck Car Workshop,False,AGK Truck & Bus GmbH,AGK_Bayern
1465994080710627333,2021-12-01 10:40:00,2021-12-01 11:40:00+01:00,,,,Als autorisierte Solaris Bus Werkstatt f√ºhren wir alle Wartungsarbeiten und Kundendienste f√ºr Deine Solaris Busse d ,"As an authorised Solaris bus workshop, we carry out all maintenance work and customer services for your Solaris buses d",True,AGK Truck & Bus GmbH,AGK_Bayern
1466024548784959488,2021-12-01 12:41:04,2021-12-01 13:41:04+01:00,,,,MAN Truck amp Bus Start des Neubaus f√ºr Servicebetrieb in Schweinfurt ,MAN Truck amp Bus Start of new building for service plant in Schweinfurt,False,DEAL-Magazin,DealMagazin
1466034145008791560,2021-12-01 13:19:12,2021-12-01 14:19:12+01:00,,,, Ja danke KrankenhausLabor ist woanders Ist aber meine Heimstrecke mit der SBahn Kann aber au , Yes thank you hospital lab is somewhere else Is but my home route with the SBahn Can but au,True,Sandra,Labor2408
1466037135769755648,2021-12-01 13:31:05,2021-12-01 14:31:05+01:00,,,,1h Bus fahren lets goooo  ,1h bus ride lets goooo,False,julian Ó®Ä,julian23_12
1466061078354350091,2021-12-01 15:06:13,2021-12-01 16:06:13+01:00,,,,"  Waah seid ihr s√º√ü 
Ja mir gehts gut Ist zwar mein Heimweg aber Gro√üstadt hat d ","  Waah are you cute
Yeah I'm fine It's my way home but big city has d",True,Sandra,Labor2408
1466134734652821514,2021-12-01 19:58:54,2021-12-01 20:58:54+01:00,,,, Und weil wir nat√ºrlich nicht nur die Kinder derer sch√ºtzen k√∂nnen die sie zu Hause behalten k√∂nne ," And because, of course, we cannot only protect the children of those who can keep them at home.",True,Dr Ina Beintner,InaBeintner
1466143998825926658,2021-12-01 20:35:43,2021-12-01 21:35:43+01:00,,,,"Gerade im Umland wird der MVV wieder attraktiver

XBusRing ab dem 12 Ja im Umland sogar alle 20 Minuten

Und ","The MVV is becoming more attractive again, especially in the surrounding area

XBusRing from 12 Yes in the surrounding area even every 20 minutes

And",True,Fabi üçÄ,jmdndrs
1466159789352923143,2021-12-01 21:38:28,2021-12-01 22:38:28+01:00,,,, Peinlich hoch 10wegen so einer kleinen frischen BriseSchiebt doch gleich Eure SchlafbahnDenkt Ihr au , Embarrassing high 10because of such a small fresh breezePush your sleeping track right awayDo you think ou,True,Yeti Climber,YetiClimber
1466237943035711500,2021-12-02 02:49:01,2021-12-02 03:49:01+01:00,,,,Deutscher WintersportStar heftig gest√ºrzt F√ºhle mich wie vom Bus √ºberfahren ,German winter sports star had a heavy fall Feels like being run over by a bus,False,tz,tzmuenchen
1466296639455436802,2021-12-02 06:42:15,2021-12-02 07:42:15+01:00,,,,So beruhigt dass der designierte Verkehrsminister Wissing sich als Anwalt der vom √ñPNV Abgeh√§ngten begreift und ,So reassured that the designated Minister of Transport Wissing sees himself as the advocate of those who have been left behind by local public transport and,True,Barbara,seekind82
1466337814786625539,2021-12-02 09:25:52,2021-12-02 10:25:52+01:00,,,, 2 London Lass den Bus mal durch Palestine fahren dann siehst du was Antisemitismus WIRKLICH i , 2 London Let the bus drive through Palestine and you will see what antisemitism REALLY means.,True,Deutschland im liberalen Chaos,BRDimChaos
1466341368553517063,2021-12-02 09:40:00,2021-12-02 10:40:00+01:00,,,,Deine pers√∂nlichen Ansprechpartnerinnen bei der AGK Bayern Busreparatur Buswerkstatt amp Busservice in Feldkirche ,Your personal contact persons at AGK Bayern Busreparatur Buswerkstatt amp Busservice in Feldkirche,True,AGK Truck & Bus GmbH,AGK_Bayern
1466352489549250562,2021-12-02 10:24:11,2021-12-02 11:24:11+01:00,,,,nicht ich wie ich jede 2 minuten auf google maps schaue um sicher zu gehen dass ich nicht in den falschen bus gesti ,not me looking at google maps every 2 minutes to make sure i didn't get on the wrong bus.,True,adrian CEO of Bradler,poophead00
1466357726322335744,2021-12-02 10:45:00,2021-12-02 11:45:00+01:00,,,,Dein Busservice Partner in Feldkirchen bei M√ºnchen F√ºrth und Bayern  wir sind 24 Std f√ºr Dich im Einsatz ,Your bus service partner in Feldkirchen near Munich F√ºrth and Bavaria we are 24 hours for you in use,True,AGK Truck & Bus GmbH,AGK_Bayern
1466364091132526600,2021-12-02 11:10:17,2021-12-02 12:10:17+01:00,,,,Ebusco 30 Erste EUZulassung f√ºr VerbundBus  575 Kilometer Reichweite ,Ebusco 30 First EU approval for VerbundBus 575 kilometer range,False,VISION mobility,VISIONmobility1
1466385592099426307,2021-12-02 12:35:43,2021-12-02 13:35:43+01:00,,,,Gro√übritannien Massives Investment in EBusFlotten ,Great Britain Massive investment in EBus fleets,False,VISION mobility,VISIONmobility1
1466394014358384646,2021-12-02 13:09:11,2021-12-02 14:09:11+01:00,,,,"
Ich habe Angst vor der Impfung ich fahre lieber mit dem Bus

Die aktuelle Situation schaut wohl √§hnlich aus ","
I'm afraid of the vaccination I'd rather take the bus

The current situation looks similar",True,Andy D,AndyDBayern
1466396565141180421,2021-12-02 13:19:20,2021-12-02 14:19:20+01:00,,,,Wir kann man zeigen da√ü man daf√ºr ist das Bus und Bahn √∂fter benutz werden also als ein Projekt wie eine Demo u√§,How can we show that we are in favour of using buses and trains more often than a project like a demo etc.?,False,V√ènc,___vinc____
1466400143993815040,2021-12-02 13:33:33,2021-12-02 14:33:33+01:00,,,,Dicker ElektroBus zum Spottpreis Citro√´n verkloppt den √´Berlingo f√ºr 37 Euro ,Thick electric bus at a ridiculous price Citro√´n flogs the √´Berlingo for 37 euros,False,Rabatt-Auto,RabattAuto
1466419247505195020,2021-12-02 14:49:28,2021-12-02 15:49:28+01:00,,,,Am geilsten ist es wenn sie mit ihren Kinderfahrradanh√§ngern in den vollen Bus steigen,The coolest thing is when they get on the full bus with their kids bike trailers,False,alternativlos_boy,lternativlosboy
1466420693176930314,2021-12-02 14:55:12,2021-12-02 15:55:12+01:00,,,,Im 54er Bus gibts immer noch kein Corona,There's still no Corona on the '54 bus...,False,alternativlos_boy,lternativlosboy
1466471498227531785,2021-12-02 18:17:05,2021-12-02 19:17:05+01:00,,,,In Minga im Bus erkennt mich so auch keiner muenchen mvg ,In Minga in the bus no one recognizes me so muenchen mvg either,False,ü§¶Der ZweiBeinige RosenVerk√§ufer üï∫,n0braist
1466799750158721025,2021-12-03 16:01:26,2021-12-03 17:01:26+01:00,,,,Ich habe heute mein Portemonnaie im Bus verloren und musste feststellen dass man in den n√§chsten 8 Wochen keinen T ,I lost my wallet on the bus today and found out that for the next 8 weeks you can't get a T,True,üï∑Ô∏è Dementiusüï∑Ô∏è,Preacox
1466807674390171653,2021-12-03 16:32:56,2021-12-03 17:32:56+01:00,,,,Bus hat ausgedient Mobiles Angebot geht in Duisburg weiter ,Bus has had its day Mobile service continues in Duisburg,False,WAZ Duisburg,WAZDuisburg
1467196629606453249,2021-12-04 18:18:30,2021-12-04 19:18:30+01:00,,,,Bus hat ausgedient Mobiles Angebot geht in Duisburg weiter ,Bus has had its day Mobile service continues in Duisburg,False,WAZ Duisburg,WAZDuisburg
1467590217318158340,2021-12-05 20:22:28,2021-12-05 21:22:28+01:00,,,, ich mach mucke an im bus , i turn on music on the bus,False,T‚ÑåI‚Ç¨S-T‚Ñå‚Ç¨-‚Ñå00‚Ñì,broken_thies
1467756101752000516,2021-12-06 07:21:38,2021-12-06 08:21:38+01:00,,,, Ich warte gerade auf mein bus ich bin so gl√ºcklich, I'm waiting for my bus right now I'm so happy,False,tizisteronüåü,LymexDE
1467842114985807877,2021-12-06 13:03:26,2021-12-06 14:03:26+01:00,,,,RB28 Aufgrund eines kurzfristigen Personalausfalls fallen die Z√ºge der Linie RB 28 zwischen Neuwied und ,RB28 Due to a short term staff shortage the trains of the line RB 28 between Neuwied and,True,DB Regio AG - NRW,Regio_NRW
1467896844462301187,2021-12-06 16:40:54,2021-12-06 17:40:54+01:00,,,,Unfall mit Bus fordert einen Verletzten  via eu Grevenbroich,Accident with bus causes one casualty via eu Grevenbroich,False,LokalKlick ‚Äì Ihre Online-Zeitung Rhein-Ruhr,VoigtLokalKlick
1467931455594672140,2021-12-06 18:58:26,2021-12-06 19:58:26+01:00,,,,"Vallah Krise was willst jetzt
Hier hast einen keks f√ºr deine leistung

Wo ist der bus mit den leuten die es juckt","Vallah Crisis what do you want now
Here's a cookie for your effort

Where's the bus with the people who itch?",False,maik,basicmaik
1467981043961577475,2021-12-06 22:15:29,2021-12-06 23:15:29+01:00,,,,M√§dchen vermutlich in Bus bel√§stigt  Polizei sucht Zeugen  via eu Bottrop,Girl probably molested in bus Police seek witnesses via eu Bottrop,False,LokalKlick ‚Äì Ihre Online-Zeitung Rhein-Ruhr,VoigtLokalKlick
1468301586891956232,2021-12-07 19:29:12,2021-12-07 20:29:12+01:00,,"{'id': '685521a69fd7c9d3', 'url': 'https://api.twitter.com/1.1/geo/id/685521a69fd7c9d3.json', 'place_type': 'city', 'name': 'Duisburg', 'full_name': 'Duisburg, Germany', 'country_code': 'DE', 'country': 'Germany', 'contained_within': [], 'bounding_box': {'type': 'Polygon', 'coordinates': [[[6.625719, 51.3329161], [6.830312, 51.3329161], [6.830312, 51.56007], [6.625719, 51.56007]]]}, 'attributes': {}}",,Meine erste Fahrt mit dem neuen  eTicket Abrechnung nach Luftlinie eezy eezynrw ,My first journey with the new eTicket Settlement as the crow flies eezy eezynrw,True,Halid,Duisburger1997
1468321799502979077,2021-12-07 20:49:31,2021-12-07 21:49:31+01:00,,,,Brennender Bus in Eppendorf  via eu Bochum,Burning bus in Eppendorf via eu Bochum,False,LokalKlick ‚Äì Ihre Online-Zeitung Rhein-Ruhr,VoigtLokalKlick
1468722554193985541,2021-12-08 23:21:59,2021-12-09 00:21:59+01:00,,,,  Mit dem Bus fahren wollte aber es gibt keinen OnDemand Bus,  Wanted to ride the bus but there is no OnDemand Bus,False,Jonas G,jonas99g
1468831157374668800,2021-12-09 06:33:32,2021-12-09 07:33:32+01:00,,,,Bin ich so absto√üend dass sich im vollen Bus niemand auf meinen ViererPlatz sitzen will,Am I so repulsive that no one on a crowded bus wants to sit in my four-seater?,False,Toggolino | loves Emilie,toggolinhoe
1468840973786624005,2021-12-09 07:12:32,2021-12-09 08:12:32+01:00,,,,7575 Hab des im bus aufgemacht und die Person neben mir hat sich erschrocken HAHAHA,7575 I opened it in the bus and the person next to me was scared HAHAHA,False,xlymex,LymexDE
1468845124159430665,2021-12-09 07:29:02,2021-12-09 08:29:02+01:00,,,,Das Orakel von Omikron meint vergiss mich nochmal im B√ºro dann mache ich Bus und Bahn noch voller Und Kontrolle ,The oracle of Omikron means forget me again in the office then I make bus and train still full and control,True,Manni Booster,MOppdehipt
1468882814615629824,2021-12-09 09:58:48,2021-12-09 10:58:48+01:00,,,,RB28 Ersatzverkehr mit einem Bus zwischen Neuwied und Niederlahnstein eingerichtet,RB28 substitute service with a bus between Neuwied and Niederlahnstein established,False,DB Regio AG - NRW,Regio_NRW
1468994589486944258,2021-12-09 17:22:57,2021-12-09 18:22:57+01:00,,,,Ich vermisse es im bus Musik zu h√∂ren ich hab keine Kopfh√∂rer mehr,I miss listening to music on the bus. I don't have headphones anymore.,False,xlymex,LymexDE
1469115989094764545,2021-12-10 01:25:21,2021-12-10 02:25:21+01:00,,,,loechter hockt aus prinzip ganz hinten im bus so wie fler,loechter squats on principle in the back of the bus like fler,False,$nus Loecht‚Ç¨r,Loechter_
1469398685993873416,2021-12-10 20:08:41,2021-12-10 21:08:41+01:00,,,,  Ich habe Schalke live gesehen Masken kaum Wo war die Eigenverantwortung,  I have seen Schalke live masks hardly Where was the personal responsibility,False,KatWiesel,sRolandrr
1469604694628700162,2021-12-11 09:47:17,2021-12-11 10:47:17+01:00,,,,S1 Update Eine Reparatur an einer Weiche beeintr√§chtigt den Zugverkehr zwischen D√ºsseldorfEller und Hilden ,S1 Update A repair to a switch is affecting train services between D√ºsseldorfEller and Hilden,True,DB Regio AG - NRW,Regio_NRW
